,name,seed,agent,lr_a_high,lr_c_high,sac_model,task_train,discount_factor,discount_factor_model,online/beta_ref,online_states/step,citation_states/alpha,_runtime,train/step,online/beta,learning/step,actor/idhp_w_1,eval/theta_sq_error,online_states/alpha,eval/phi,eval/phi_ref,learning/rewards,citation_states/q,citation_states/he,citation_states/phi,_step,eval/reward,online/nmae,online/theta,online/mean_error,eval/de,eval/beta_sq_error,citation_states/theta,online/phi,online_states/q,online_states/ye,online_states/phi,citation_inputs/da,online/theta_ref,citation_inputs/step,eval/theta_ref,online_states/V,online/action_de,online_states/he,online/phi_ref,online_states/xe,online_states/psi,eval/nmae,online_states/r,sac_improvement,online/action_da,online/action_dr,sac_hybrid,eval/beta_ref,actor/idhp_w_0,citation_states/ye,citation_states/p,citation_inputs/dr,sac_only,eval/beta,_timestamp,eval/theta,citation_states/V,eval/da,citation_inputs/de,online_states/theta,citation_states/step,online_states/beta,citation_states/psi,online/phi_sq_error,online/beta_sq_error,citation_states/xe,online/theta_sq_error,eval/dr,actor/idhp_w_2,online_states/p,citation_states/r,eval/phi_sq_error,_wandb,eval/step,online/step,citation_states/beta
0,flowing-sweep-45,5,IDHPSAC,0.1,0.001,SAC-citation/firm-feather-173,exp1_pseudo_random_sin,0.8,0.8,0,9950,0.06024837294248867,12.909425973892212,9950,0.012553268142286416,9950,4.081803490407765e-05,0.025520811313018185,0.054234326486067304,-0.2252325273652337,-0.1845515065112372,-0.01164077650405723,0.01172509292928092,1557.7876881302102,-0.2252325273652337,9580,-0.0999725958544049,0.05178045501166401,0.02517075681266869,0.00843527925632409,-0.0392661988735199,0.004154120135425781,0.008436807828733538,-0.19266298243564992,-0.001357545707454159,-169.16211041445595,-0.19266298243564992,-0.03952932357788086,0.0,9950,0.0,89.04009043939979,-0.024950534105300903,1511.8063099644007,-0.1866243304896529,8885.535949582038,-0.13047664892130484,0.19578358831301204,-0.024989328080630854,14.400313330134804,-0.030771195888519287,0.03563207387924194,5.178045501166402,0,1.0002245903015137,-3919.626797021445,0.07355404321590944,0.14325222373008728,19.578358831301205,0.008436807828733538,1686050070.205013,0.08364613155269965,88.92762515713403,-0.03952932357788086,-0.0392661988735199,0.012553268142286416,9950,0.02517075681266869,-1.165912851410324,0.0001330095280770595,0.009196791680527318,7476.443265213334,0.0023109752954528534,0.14325222373008728,0.00024143088376149535,0.11389109702313076,-0.03741847003057491,0.005732455298753615,{'runtime': 12},9950,9950,0.08364613155269965
1,fast-sweep-44,5,IDHPSAC,0.1,0.001,SAC-citation/firm-feather-173,exp1_fixed_sin,0.8,0.8,0,9950,0.05451062669581839,12.764189958572388,9950,-0.003710816869005089,9950,-7.61139381211251e-05,0.02940112939491924,0.05519090210807591,-0.03675715567247375,-0.02644481602307201,-0.004446691453338039,0.0012227057428023974,1548.660352587055,-0.03675715567247375,9580,-0.08761918053065956,0.15601339103435993,-0.046156765502349054,0.009491384934201236,-0.029333561658859253,0.005284098137538982,0.009515334684409389,-0.0529873932315232,0.003211143724044254,-1541.1754218236854,-0.0529873932315232,-0.02599877119064331,-0.02748775933618656,9950,-0.02644481602307201,89.28820911085998,-0.025600790977478027,1496.279522173387,-0.02748775933618656,8722.605966424133,-0.15047688649456978,0.21118808458854177,-0.012235987375659296,5.517469355418182,0.0029486417770385742,-0.04595053195953369,15.601339103435992,0,0.9999991655349731,-4113.1702066231655,0.03942706532688262,0.13341262936592102,21.118808458854176,0.009515334684409389,1686050049.029865,0.06281339252422767,89.07269526168358,-0.02599877119064331,-0.029333561658859253,-0.003710816869005089,9950,-0.046156765502349054,-1.0978536146165412,0.0023717594834986046,0.0008036404393526819,7392.457341416811,0.0012712915304867523,0.13341262936592102,-0.00033095659455284476,0.039289116408761045,-0.03743291186640709,0.0003496213308692764,{'runtime': 12},9950,9950,0.06281339252422767
2,hearty-sweep-43,5,IDHPSAC,0.1,0.001,SAC-citation/firm-feather-173,exp1_hold,0.8,0.8,0,9950,0.05567405342638477,12.6713969707489,9950,-0.0007513222761776474,9950,-0.0003695352061185986,0.017847470328638995,0.053998274294310374,0.0058097496589870285,0.0,-8.01951675336231e-05,-7.648086552946422e-05,1552.4161656731335,0.0058097496589870285,9580,-0.06697668295027533,0.06398513937776747,0.036213829601854,0.04375253539296045,-0.038586825132369995,0.0031629173050719737,0.00736177516645433,-0.0033534026845018234,1.4599955726776982e-05,-1389.2678454540753,-0.0033534026845018234,-0.02850264310836792,0.03490658503988659,9950,0.03490658503988659,89.21257843024003,-0.024860769510269165,1547.928402298196,0.0,8719.296396799678,-0.3847812438874289,0.15848010253179978,-0.0040220407721552635,9.449496315403232,-0.009912431240081789,0.05671784281730652,6.398513937776746,0,1.0003482103347778,-4999.990427182027,0.00010041027836559022,0.16663041710853577,15.84801025317998,0.00736177516645433,1686050027.840663,0.10485646227428112,89.03025100783984,-0.02850264310836792,-0.038586825132369995,-0.0007513222761776474,9950,0.036213829601854,-1.4324318999336247,4.1017970717710034e-05,3.2943919582858936e-05,6510.971069047642,6.233277233054126e-06,0.16663041710853577,-0.00040692929178476334,-5.436320657758922e-06,-0.013737983301941757,0.00012311687786285315,{'runtime': 12},9950,9950,0.10485646227428112
3,efficient-sweep-42,4,IDHPSAC,0.1,0.001,SAC-citation/firm-feather-173,exp1_pseudo_random_sin,0.8,0.8,0,9950,0.06024837294248867,12.878076076507568,9950,0.0011487212688727638,9950,3.829510751529597e-05,0.025520811313018185,0.05917408906732331,-0.2252325273652337,-0.1845515065112372,-0.0016855169395834804,0.01172509292928092,1557.7876881302102,-0.2252325273652337,9580,-0.0999725958544049,0.04012609240681364,0.01689259438587745,0.006425888929929177,-0.0392661988735199,0.004154120135425781,0.008436807828733538,-0.19909915814720755,0.009549863985640296,-139.41487519259775,-0.19909915814720755,-0.03952932357788086,0.0,9950,0.0,89.24809031381179,-0.02821660041809082,1515.017208262356,-0.1866243304896529,8868.79618849162,-0.11242135885985773,0.19578358831301204,-0.028518800755259283,15.56574959061984,-0.027513444423675537,0.029601693153381348,4.012609240681364,0,1.0001505613327026,-3919.626797021445,0.07355404321590944,0.14325222373008728,19.578358831301205,0.008436807828733538,1686050006.898314,0.08364613155269965,88.92762515713403,-0.03952932357788086,-0.0392661988735199,0.0011487212688727638,9950,0.01689259438587745,-1.165912851410324,0.0005676385268761598,7.701087581251418e-05,7476.443265213334,0.0010408675368948064,0.14325222373008728,0.00015363702550530434,0.1080977123697806,-0.03741847003057491,0.005732455298753615,{'runtime': 12},9950,9950,0.08364613155269965
4,breezy-sweep-41,4,IDHPSAC,0.1,0.001,SAC-citation/firm-feather-173,exp1_fixed_sin,0.8,0.8,0,9950,0.05451062669581839,13.32893705368042,9950,0.002233525550747463,9950,-7.120853115338832e-05,0.02940112939491924,0.051399974990922824,-0.03675715567247375,-0.02644481602307201,-0.0038100874682772874,0.0012227057428023974,1548.660352587055,-0.03675715567247375,9580,-0.08761918053065956,0.1497718216474742,-0.04927726351348081,0.008788865878319514,-0.029333561658859253,0.005284098137538982,0.009515334684409389,-0.049622718968128025,-0.001440142268817776,-1338.5632415125287,-0.049622718968128025,-0.02599877119064331,-0.02748775933618656,9950,-0.02644481602307201,89.15277873177132,-0.02642795443534851,1500.7909189846305,-0.02748775933618656,8757.287249484758,-0.1206818150934913,0.21118808458854177,-0.014554573091596724,6.141626294106754,-0.0015684962272644043,-0.0507904589176178,14.977182164747422,0,1.0000834465026855,-4113.1702066231655,0.03942706532688262,0.13341262936592102,21.118808458854176,0.009515334684409389,1686049986.178275,0.06281339252422767,89.07269526168358,-0.02599877119064331,-0.029333561658859253,0.002233525550747463,9950,-0.04927726351348081,-1.0978536146165412,0.0017871467839916234,0.00029114181698383933,7392.457341416811,0.0017317988673018242,0.13341262936592102,-0.0002924411091953516,0.06549969818140511,-0.03743291186640709,0.0003496213308692764,{'runtime': 12},9950,9950,0.06281339252422767
5,stellar-sweep-40,4,IDHPSAC,0.1,0.001,SAC-citation/firm-feather-173,exp1_hold,0.8,0.8,0,9950,0.05567405342638477,15.341922998428345,9950,0.001339882325653708,9950,-0.001104413066059351,0.017847470328638995,0.05422617755960843,0.0058097496589870285,0.0,-0.0001048500647021482,-7.648086552946422e-05,1552.4161656731335,0.0058097496589870285,9580,-0.06697668295027533,0.06433551707149078,0.034980694196296916,0.05971885935448325,-0.038586825132369995,0.0031629173050719737,0.00736177516645433,0.00012326412285484082,-4.914820518675329e-07,-846.39625923917,0.00012326412285484082,-0.02850264310836792,0.03490658503988659,9950,0.03490658503988659,89.19783357407027,-0.024992018938064575,1574.803810461685,0.0,8788.19785739898,-0.2958594700097939,0.15848010253179978,-0.0035016726638051024,9.4144585460309,-0.00956350564956665,0.05473211407661438,6.433551707149078,0,1.000167965888977,-4999.990427182027,0.00010041027836559022,0.16663041710853577,15.84801025317998,0.00736177516645433,1686049963.05451,0.10485646227428112,89.03025100783984,-0.02850264310836792,-0.038586825132369995,0.001339882325653708,9950,0.034980694196296916,-1.4324318999336247,5.542122674479891e-08,0.00010477461045216726,6510.971069047642,2.0033023236146852e-08,0.16663041710853577,-0.001580764539539814,4.6192222194962215e-06,-0.013737983301941757,0.00012311687786285315,{'runtime': 13},9950,9950,0.10485646227428112
6,spring-sweep-39,3,IDHPSAC,0.1,0.001,SAC-citation/firm-feather-173,exp1_pseudo_random_sin,0.8,0.8,0,9950,0.06024837294248867,13.29881501197815,9950,0.0027307614824370967,9950,5.196601341594942e-05,0.025520811313018185,0.056981361176269,-0.2252325273652337,-0.1845515065112372,-0.005632664215602795,0.01172509292928092,1557.7876881302102,-0.2252325273652337,9580,-0.0999725958544049,0.041058434249160135,0.010392819706378871,0.008881157704545948,-0.0392661988735199,0.004154120135425781,0.008436807828733538,-0.15033516899395324,0.0050571727995783605,253.89911554957024,-0.15033516899395324,-0.03952932357788086,0.0,9950,0.0,89.21399588002112,-0.026163607835769653,1515.1932351828616,-0.1866243304896529,8867.633669573219,0.008162754235784659,0.19578358831301204,-0.019549746036552493,15.472515406385192,-0.022171854972839355,0.015496164560317991,4.105843424916014,0,1.000164031982422,-3919.626797021445,0.07355404321590944,0.14325222373008728,19.578358831301205,0.008436807828733538,1686049935.353805,0.08364613155269965,88.92762515713403,-0.03952932357788086,-0.0392661988735199,0.0027307614824370967,9950,0.010392819706378871,-1.165912851410324,0.004803487028209796,0.0004352013911852486,7476.443265213334,0.0003939757962077501,0.14325222373008728,0.00018063593597617,0.09220174263035684,-0.03741847003057491,0.005732455298753615,{'runtime': 12},9950,9950,0.08364613155269965
7,glorious-sweep-38,3,IDHPSAC,0.1,0.001,SAC-citation/firm-feather-173,exp1_fixed_sin,0.8,0.8,0,9950,0.05451062669581839,13.62866497039795,9950,-0.0019847257436480556,9950,-5.708004755433649e-05,0.02940112939491924,0.053269656854314805,-0.03675715567247375,-0.02644481602307201,-0.006878543709160771,0.0012227057428023974,1548.660352587055,-0.03675715567247375,9580,-0.08761918053065956,0.15962558794517367,-0.04302461121826685,0.00944072236945436,-0.029333561658859253,0.005284098137538982,0.009515334684409389,-0.06725422593898513,0.0006273802949483966,-2095.8831453736407,-0.06725422593898513,-0.02599877119064331,-0.02748775933618656,9950,-0.02644481602307201,89.24051032251141,-0.025450855493545532,1501.2991954786396,-0.02748775933618656,8591.462376982252,-0.2745985188488934,0.21118808458854177,-0.012930210314848312,5.1562496643368085,0.0007789134979248047,-0.04278051853179931,15.962558794517369,0,1.0000107288360596,-4113.1702066231655,0.03942706532688262,0.13341262936592102,21.118808458854176,0.009515334684409389,1686049873.633997,0.06281339252422767,89.07269526168358,-0.02599877119064331,-0.029333561658859253,-0.0019847257436480556,9950,-0.04302461121826685,-1.0978536146165412,0.0057681528929660235,0.00022989193929486964,7392.457341416811,0.0008804988768998776,0.13341262936592102,-0.00029367057140916586,0.04737754285315291,-0.03743291186640709,0.0003496213308692764,{'runtime': 12},9950,9950,0.06281339252422767
8,celestial-sweep-37,3,IDHPSAC,0.1,0.001,SAC-citation/firm-feather-173,exp1_hold,0.8,0.8,0,9950,0.05567405342638477,13.01109504699707,9950,-0.0005188508253236466,9950,-0.0007895076414570212,0.017847470328638995,0.05440428869634686,0.0058097496589870285,0.0,-0.0003625095810671534,-7.648086552946422e-05,1552.4161656731335,0.0058097496589870285,9580,-0.06697668295027533,0.06345811515962256,0.03414006449125703,0.038137790448068795,-0.038586825132369995,0.0031629173050719737,0.00736177516645433,-0.009720555914909258,-0.0003581997185555979,-865.9984751651816,-0.009720555914909258,-0.02850264310836792,0.03490658503988659,9950,0.03490658503988659,89.21790322173239,-0.02463293075561523,1541.615704919136,0.0,8801.929120919936,-0.3106164208799657,0.15848010253179978,-0.0029145483085535693,9.50219873721772,-0.01109445095062256,0.054359614849090576,6.345811515962256,0,1.0002282857894895,-4999.990427182027,0.00010041027836559022,0.16663041710853577,15.84801025317998,0.00736177516645433,1686049851.273341,0.10485646227428112,89.03025100783984,-0.02850264310836792,-0.038586825132369995,-0.0005188508253236466,9950,0.03414006449125703,-1.4324318999336247,0.000344655299683555,1.5711142287705655e-05,6510.971069047642,2.1431390958926655e-06,0.16663041710853577,-0.0012598223984241486,-0.000638114623113881,-0.013737983301941757,0.00012311687786285315,{'runtime': 12},9950,9950,0.10485646227428112
9,splendid-sweep-36,2,IDHPSAC,0.1,0.001,SAC-citation/firm-feather-173,exp1_pseudo_random_sin,0.8,0.8,0,9950,0.06024837294248867,13.211248874664308,9950,0.0019606986828047657,9950,3.56863129127305e-05,0.025520811313018185,0.06009464057350743,-0.2252325273652337,-0.1845515065112372,-0.001528201837998408,0.01172509292928092,1557.7876881302102,-0.2252325273652337,9580,-0.0999725958544049,0.04260351947940546,0.016438494020252256,0.006750662115309701,-0.0392661988735199,0.004154120135425781,0.008436807828733538,-0.1959641214869952,0.010921769521520727,-30.071214645171622,-0.1959641214869952,-0.03952932357788086,0.0,9950,0.0,89.29586671403393,-0.028729110956192017,1519.1395023820037,-0.1866243304896529,8870.287906214991,-0.09055082400665046,0.19578358831301204,-0.02794873951632073,15.31800688336066,-0.027855873107910156,0.02797439694404602,4.260351947940546,0,1.0001338720321655,-3919.626797021445,0.07355404321590944,0.14325222373008728,19.578358831301205,0.008436807828733538,1686049803.112882,0.08364613155269965,88.92762515713403,-0.03952932357788086,-0.0392661988735199,0.0019606986828047657,9950,0.016438494020252256,-1.165912851410324,0.000318183072375087,0.0002243594941670552,7476.443265213334,0.0009856592714562655,0.14325222373008728,0.00014170304348226637,0.11118627313095154,-0.03741847003057491,0.005732455298753615,{'runtime': 12},9950,9950,0.08364613155269965
10,denim-sweep-35,2,IDHPSAC,0.1,0.001,SAC-citation/firm-feather-173,exp1_fixed_sin,0.8,0.8,0,9950,0.05451062669581839,12.709914922714232,9950,-0.0032211557811553325,9950,-8.944293222157285e-05,0.02940112939491924,0.06437033540099155,-0.03675715567247375,-0.02644481602307201,-0.005002713495655529,0.0012227057428023974,1548.660352587055,-0.03675715567247375,9580,-0.08761918053065956,0.1519782449413821,-0.056337676245519205,0.009691280220716691,-0.029333561658859253,0.005284098137538982,0.009515334684409389,-0.046805913765166955,0.017452940107314786,-1694.172929446641,-0.046805913765166955,-0.02599877119064331,-0.02748775933618656,9950,-0.02644481602307201,89.3930598500275,-0.029466331005096436,1492.9854537831643,-0.02748775933618656,8689.800689298308,-0.17015257883109391,0.21118808458854177,-0.01877282440643053,5.920983964715965,0.014660120010375977,-0.05212476849555969,15.19782449413821,0,0.9999430775642396,-4113.1702066231655,0.03942706532688262,0.13341262936592102,21.118808458854176,0.009515334684409389,1686049781.2527418,0.06281339252422767,89.07269526168358,-0.02599877119064331,-0.029333561658859253,-0.0032211557811553325,9950,-0.056337676245519205,-1.0978536146165412,0.0013612378686654128,0.0006055446831918926,7392.457341416811,0.003035930943798224,0.13341262936592102,-0.00038556448998861015,0.016409046022097334,-0.03743291186640709,0.0003496213308692764,{'runtime': 12},9950,9950,0.06281339252422767
11,northern-sweep-34,2,IDHPSAC,0.1,0.001,SAC-citation/firm-feather-173,exp1_hold,0.8,0.8,0,9950,0.05567405342638477,12.930491924285889,9950,0.0003736353511288302,9950,-0.0002954698575194925,0.017847470328638995,0.054136727465054865,0.0058097496589870285,0.0,-2.764258497458815e-05,-7.648086552946422e-05,1552.4161656731335,0.0058097496589870285,9580,-0.06697668295027533,0.07434040978314921,0.03469701005017334,0.06150370239951897,-0.038586825132369995,0.0031629173050719737,0.00736177516645433,0.0023023457459622684,-7.768894177868408e-06,-1252.5136247833216,0.0023023457459622684,-0.02850264310836792,0.03490658503988659,9950,0.03490658503988659,89.20733344608828,-0.024849414825439453,1567.500850956655,0.0,8751.591368360969,-0.32792447759313764,0.15848010253179978,-0.003235476159163909,8.413969274865057,-0.009475648403167725,0.054245322942733765,7.434040978314921,0,1.0006295442581177,-4999.990427182027,0.00010041027836559022,0.16663041710853577,15.84801025317998,0.00736177516645433,1686049760.634305,0.10485646227428112,89.03025100783984,-0.02850264310836792,-0.038586825132369995,0.0003736353511288302,9950,0.03469701005017334,-1.4324318999336247,1.933498505787702e-05,8.147392852372805e-06,6510.971069047642,1.6020706433832745e-07,0.16663041710853577,-9.23632615013048e-05,2.191888112224921e-07,-0.013737983301941757,0.00012311687786285315,{'runtime': 12},9950,9950,0.10485646227428112
12,dainty-sweep-33,1,IDHPSAC,0.1,0.001,SAC-citation/firm-feather-173,exp1_pseudo_random_sin,0.8,0.8,0,9950,0.06024837294248867,12.926937103271484,9950,-0.01368358735453095,9950,5.9150828747078776e-05,0.025520811313018185,0.055868899578119274,-0.2252325273652337,-0.1845515065112372,-0.014410986446716772,0.01172509292928092,1557.7876881302102,-0.2252325273652337,9580,-0.0999725958544049,0.049203143241850454,0.010555529474514744,0.009961234915436266,-0.0392661988735199,0.004154120135425781,0.008436807828733538,-0.15757978627788294,0.006409411711623355,70.81786607901438,-0.15757978627788294,-0.03952932357788086,0.0,9950,0.0,89.58726459845724,-0.02578979730606079,1511.7305859558746,-0.1866243304896529,8874.821815026353,-0.03427827569306537,0.19578358831301204,-0.02296597681341569,14.65804450711616,-0.023717284202575684,0.018996387720108032,4.920314324185045,0,1.0002689361572266,-3919.626797021445,0.07355404321590944,0.14325222373008728,19.578358831301205,0.008436807828733538,1686049739.198014,0.08364613155269965,88.92762515713403,-0.03952932357788086,-0.0392661988735199,-0.01368358735453095,9950,0.010555529474514744,-1.165912851410324,0.003077031105881878,0.010927546823680766,7476.443265213334,0.00040640851715412814,0.14325222373008728,0.00014352973084896803,0.0995624404555972,-0.03741847003057491,0.005732455298753615,{'runtime': 12},9950,9950,0.08364613155269965
13,still-sweep-32,1,IDHPSAC,0.1,0.001,SAC-citation/firm-feather-173,exp1_fixed_sin,0.8,0.8,0,9950,0.05451062669581839,12.782463073730469,9950,-0.0027716749440001224,9950,-0.00011206557974219322,0.02940112939491924,0.054632379668631326,-0.03675715567247375,-0.02644481602307201,-0.006483703756980965,0.0012227057428023974,1548.660352587055,-0.03675715567247375,9580,-0.08761918053065956,0.17601545494903462,-0.05397300637490984,0.012729411721192735,-0.029333561658859253,0.005284098137538982,0.009515334684409389,-0.05836106456216241,0.00238452184269454,-1467.4857529847673,-0.05836106456216241,-0.02599877119064331,-0.02748775933618656,9950,-0.02644481602307201,89.24413107463506,-0.027836978435516357,1493.833735008568,-0.02748775933618656,8733.317787558355,-0.14936993602148066,0.21118808458854177,-0.0159359153924983,3.5172629639507136,-0.0009165406227111816,-0.05788090825080872,17.601545494903462,0,0.9999956488609314,-4113.1702066231655,0.03942706532688262,0.13341262936592102,21.118808458854176,0.009515334684409389,1686049718.350218,0.06281339252422767,89.07269526168358,-0.02599877119064331,-0.029333561658859253,-0.0027716749440001224,9950,-0.05397300637490984,-1.0978536146165412,0.0034767143368946234,0.0004483398370805717,7392.457341416811,0.002558649583005771,0.13341262936592102,-0.0003344368014950305,0.08189028174270063,-0.03743291186640709,0.0003496213308692764,{'runtime': 12},9950,9950,0.06281339252422767
14,royal-sweep-31,1,IDHPSAC,0.1,0.001,SAC-citation/firm-feather-173,exp1_hold,0.8,0.8,0,9950,0.05567405342638477,12.726377964019775,9950,0.002231896683011686,9950,-0.0008864070987328887,0.017847470328638995,0.05434687156961199,0.0058097496589870285,0.0,-0.0003098530778100409,-7.648086552946422e-05,1552.4161656731335,0.0058097496589870285,9580,-0.06697668295027533,0.06727274342337441,0.03437371700036089,0.052980313370857755,-0.038586825132369995,0.0031629173050719737,0.00736177516645433,0.002227605746570375,-8.158955277492811e-06,-512.7654621176924,0.002227605746570375,-0.02850264310836792,0.03490658503988659,9950,0.03490658503988659,89.1923180572674,-0.025073617696762085,1589.440565977543,0.0,8808.263027312549,-0.24032061153291165,0.15848010253179978,-0.0032021654874979668,9.120735910842535,-0.009388923645019531,0.05374819040298462,6.7272743423374415,0,1.0002505779266355,-4999.990427182027,0.00010041027836559022,0.16663041710853577,15.84801025317998,0.00736177516645433,1686049696.887519,0.10485646227428112,89.03025100783984,-0.02850264310836792,-0.038586825132369995,0.002231896683011686,9950,0.03437371700036089,-1.4324318999336247,1.8100034994087858e-05,0.0002907173234399466,6510.971069047642,1.0357193760064422e-06,0.16663041710853577,-0.0013258944964036343,6.20738189810149e-06,-0.013737983301941757,0.00012311687786285315,{'runtime': 12},9950,9950,0.10485646227428112
15,rosy-sweep-30,5,IDHPSAC,0.1,0.001,SAC-citation/denim-leaf-172,exp1_pseudo_random_sin,0.8,0.8,0,9950,0.05906195288771587,12.573362112045288,9950,-0.002719965012298403,9950,0.0,0.01190812911849821,0.05133941445499294,-0.21264823892215037,-0.1845515065112372,-0.001215654730710305,0.00977203085753538,1556.0924471188814,-0.21264823892215037,9580,-0.08440670168111898,0.04204335159971739,0.009675708944167395,0.010859670756458613,-0.03421276807785034,0.00854089658651691,0.012097353255890567,-0.1976374112764333,0.01991351962752983,990.4203982158936,-0.1976374112764333,-0.03517252206802368,0.0,9950,0.0,89.15679791895238,-0.032608985900878906,1492.6922751308025,-0.1866243304896529,8809.691424699336,0.041670802333932326,0.1455064965244197,-0.024586324949419047,10.34631449247023,-0.03395640850067139,0.019718468189239505,4.204335159971739,0,0.9998704791069032,-3140.041083002719,0.092115568147174,0.09801164269447328,14.550649652441969,0.012097353255890567,1686049675.570166,0.05713738889647922,88.98825191711902,-0.03517252206802368,-0.03421276807785034,-0.002719965012298403,9950,0.009675708944167395,-0.9212372964297932,0.00044240538582270814,0.0004317669275955037,8005.036354807052,0.0003414824172920931,0.09801164269447328,0.0006157650495879352,0.14898816500063392,-0.0330120059492738,0.0026706941516567596,{'runtime': 12},9950,9950,0.05713738889647922
16,elated-sweep-29,5,IDHPSAC,0.1,0.001,SAC-citation/denim-leaf-172,exp1_fixed_sin,0.8,0.8,0,9950,0.05522800130901545,12.85755181312561,9950,-0.010642504875138936,9950,6.0058060626033694e-05,0.03960059590998086,0.05155386484289197,-0.12122543802767809,-0.02644481602307201,-0.007803730270330847,0.0031583587266265957,1563.5658607171722,-0.12122543802767809,9580,-0.14325563071533348,0.16834457329513655,-0.040884131255068464,0.03062953724778631,-0.03335490822792053,0.0025752790748895453,0.006642793935542105,-0.015331788752685187,-0.004640118443978378,-33.474051078770856,-0.015331788752685187,-0.03855085372924805,-0.02748775933618656,9950,-0.02644481602307201,89.40751109889835,-0.02535232901573181,1440.246387972055,-0.02748775933618656,8875.963094399747,0.06156312694666139,0.21490487531577732,-0.014164939154482137,4.656030202064077,0.0009966492652893066,-0.04207676649093628,16.834457329513654,0,0.9999457597732544,-4691.561202422656,0.07376715176577162,0.11415231227874756,21.49048753157773,0.006642793935542105,1686049654.7168388,0.07722880475048549,89.00529385007242,-0.03855085372924805,-0.03335490822792053,-0.010642504875138936,9950,-0.040884131255068464,-1.346569464961025,0.0005389916488631574,0.006610136892902847,6808.221978195984,0.0006546017285648428,0.11415231227874756,0.0027794442139565945,0.05930672093534202,-0.015335755153485411,0.03240745238981846,{'runtime': 12},9950,9950,0.07722880475048549
17,fragrant-sweep-28,5,IDHPSAC,0.1,0.001,SAC-citation/denim-leaf-172,exp1_hold,0.8,0.8,0,9950,0.0545904215625619,12.67725706100464,9950,7.900477806828769e-05,9950,0.0,0.0028592261417144677,0.05362016721482809,-0.008685473263127791,0.0,-3.791592835861848e-06,8.822129930263687e-05,1544.1825727249145,-0.008685473263127791,9580,-0.03546625870423284,0.02627386833296553,0.035798509179673664,0.005469112392399341,-0.0288831889629364,0.0013205237861168653,0.004756765534770616,-0.00037959182476837434,-2.799676040202889e-05,-1531.9520112851335,-0.00037959182476837434,-0.01718050241470337,0.03490658503988659,9950,0.03490658503988659,89.19903925662993,-0.024641305208206177,1497.5603813202763,0.0,8701.386902366017,-0.38830370302801126,0.07751187655605694,-0.0036657980538369857,5.123800822309141,-0.009792923927307127,0.05599546432495117,2.6273868332965526,0,0.9999702572822572,-3467.5799641343306,4.258843648138112e-05,0.09953802824020386,7.751187655605694,0.004756765534770616,1686049633.342088,0.0629043185354428,89.11535660405164,-0.01718050241470337,-0.0288831889629364,7.900477806828769e-05,9950,0.035798509179673664,-0.9042988849209428,5.255771267734794e-07,3.642750721793817e-07,7871.42452789132,2.901740636908987e-06,0.09953802824020386,0.00055889185750857,6.9790153049504345e-06,-0.008713402496572152,0.00027516280679522754,{'runtime': 12},9950,9950,0.0629043185354428
18,vocal-sweep-27,4,IDHPSAC,0.1,0.001,SAC-citation/denim-leaf-172,exp1_pseudo_random_sin,0.8,0.8,0,9950,0.05906195288771587,13.419059038162231,9950,0.002383836841795387,9950,0.0,0.01190812911849821,0.05968771672504565,-0.21264823892215037,-0.1845515065112372,-0.0023373757299495353,0.00977203085753538,1556.0924471188814,-0.21264823892215037,9580,-0.08440670168111898,0.04889354640411209,0.020843918024592963,0.011477057932830263,-0.03421276807785034,0.00854089658651691,0.012097353255890567,-0.1973673775205285,0.052673681818169664,787.0892138219775,-0.1973673775205285,-0.03517252206802368,0.0,9950,0.0,89.15364442756804,-0.04247751832008362,1483.556464901418,-0.1866243304896529,8830.64995053297,0.0068326517206763,0.1455064965244197,-0.0364354513140282,9.66129501203076,-0.04153233766555786,0.044004201889038086,4.8893546404112085,0,0.9999341368675232,-3140.041083002719,0.092115568147174,0.09801164269447328,14.550649652441969,0.012097353255890567,1686049611.773058,0.05713738889647922,88.98825191711902,-0.03517252206802368,-0.03421276807785034,0.002383836841795387,9950,0.020843918024592963,-0.9212372964297932,0.00042097636069538474,0.0003316467860150603,8005.036354807052,0.00158475258323909,0.09801164269447328,0.0003525124629959464,0.1931393370864115,-0.0330120059492738,0.0026706941516567596,{'runtime': 12},9950,9950,0.05713738889647922
19,worldly-sweep-26,4,IDHPSAC,0.1,0.001,SAC-citation/denim-leaf-172,exp1_fixed_sin,0.8,0.8,0,9950,0.05522800130901545,13.575377941131592,9950,0.0005561353915281909,9950,0.0,0.03960059590998086,0.05789755195581219,-0.12122543802767809,-0.02644481602307201,-0.0004260476152483705,0.0031583587266265957,1563.5658607171722,-0.12122543802767809,9580,-0.14325563071533348,0.1519585285327923,-0.032528875664628636,0.019530649672776738,-0.03335490822792053,0.0025752790748895453,0.006642793935542105,-0.03678517476848098,0.008525149632689999,14.398048555134045,-0.03678517476848098,-0.03855085372924805,-0.02748775933618656,9950,-0.02644481602307201,89.43232473529417,-0.02759319543838501,1464.3371069161817,-0.02748775933618656,8876.593450993541,0.022984254351085417,0.21490487531577732,-0.012969862212786587,6.294634678298502,-0.004046201705932617,-0.03196856379508972,15.195852853279227,0,0.9997474551200868,-4691.561202422656,0.07376715176577162,0.11415231227874756,21.49048753157773,0.006642793935542105,1686049581.721962,0.07722880475048549,89.00529385007242,-0.03855085372924805,-0.03335490822792053,0.0005561353915281909,9950,-0.032528875664628636,-1.346569464961025,0.00031530236547277536,1.8050274278209186e-05,6808.221978195984,9.269497549738598e-05,0.11415231227874756,-0.00029665621696040034,0.06126774668204163,-0.015335755153485411,0.03240745238981846,{'runtime': 12},9950,9950,0.07722880475048549
20,misunderstood-sweep-25,4,IDHPSAC,0.1,0.001,SAC-citation/denim-leaf-172,exp1_hold,0.8,0.8,0,9950,0.0545904215625619,13.2957022190094,9950,0.0007319546425490647,9950,0.0,0.0028592261417144677,0.05368942361467098,-0.008685473263127791,0.0,-3.539190145759206e-05,8.822129930263687e-05,1544.1825727249145,-0.008685473263127791,9580,-0.03546625870423284,0.028275788865908733,0.035406604672630626,0.004005218333526809,-0.0288831889629364,0.0013205237861168653,0.004756765534770616,0.0009384825623877532,-3.700078587369655e-06,-1706.0737027763505,0.0009384825623877532,-0.01718050241470337,0.03490658503988659,9950,0.03490658503988659,89.19453825191478,-0.024686753749847412,1505.6729098905787,0.0,8662.84913819298,-0.4008767446669554,0.07751187655605694,-0.0034801695461237725,4.9236087690148205,-0.00967615842819214,0.055363476276397705,2.8275788865908735,0,1.000115990638733,-3467.5799641343306,4.258843648138112e-05,0.09953802824020386,7.751187655605694,0.004756765534770616,1686049560.3974552,0.0629043185354428,89.11535660405164,-0.01718050241470337,-0.0288831889629364,0.0007319546425490647,9950,0.035406604672630626,-0.9042988849209428,3.2125890185742533e-06,3.1267350173167736e-05,7871.42452789132,9.119622658500698e-07,0.09953802824020386,0.0006651029689237475,1.8992187017687465e-06,-0.008713402496572152,0.00027516280679522754,{'runtime': 12},9950,9950,0.0629043185354428
21,stellar-sweep-24,3,IDHPSAC,0.1,0.001,SAC-citation/denim-leaf-172,exp1_pseudo_random_sin,0.8,0.8,0,9950,0.05906195288771587,12.55029010772705,9950,0.023705624956206792,9950,0.0,0.01190812911849821,0.07735080331749716,-0.21264823892215037,-0.1845515065112372,-0.03494693192421887,0.00977203085753538,1556.0924471188814,-0.21264823892215037,9580,-0.08440670168111898,0.05290564485970687,0.023010577414930834,0.012622333907093289,-0.03421276807785034,0.00854089658651691,0.012097353255890567,-0.17887148178755005,0.026578233169252508,843.7458951756736,-0.17887148178755005,-0.03517252206802368,0.0,9950,0.0,89.16607233747305,-0.0226651132106781,1481.458164104048,-0.1866243304896529,8828.77099982069,-0.007527019822564557,0.1455064965244197,-0.02763776037008544,9.26008516647128,-0.02120274305343628,0.02220270037651062,5.290564485970687,0,0.999908208847046,-3140.041083002719,0.092115568147174,0.09801164269447328,14.550649652441969,0.012097353255890567,1686049538.588335,0.05713738889647922,88.98825191711902,-0.03517252206802368,-0.03421276807785034,0.023705624956206792,9950,0.023010577414930834,-0.9212372964297932,0.00021924281662984456,0.032796353316180506,8005.036354807052,0.0019313357914085172,0.09801164269447328,0.0007499102503061295,0.12651166243033865,-0.0330120059492738,0.0026706941516567596,{'runtime': 12},9950,9950,0.05713738889647922
22,smart-sweep-23,3,IDHPSAC,0.1,0.001,SAC-citation/denim-leaf-172,exp1_fixed_sin,0.8,0.8,0,9950,0.05522800130901545,12.925298929214478,9950,0.004498845092907103,9950,0.0,0.03960059590998086,0.05714244777555525,-0.12122543802767809,-0.02644481602307201,-0.001648994455017676,0.0031583587266265957,1563.5658607171722,-0.12122543802767809,9580,-0.14325563071533348,0.14795779500671075,-0.03590778526616581,0.010131503968382454,-0.03335490822792053,0.0025752790748895453,0.006642793935542105,-0.03506077994463301,0.003042824994811913,450.74960088722247,-0.03506077994463301,-0.03855085372924805,-0.02748775933618656,9950,-0.02644481602307201,89.2210683657055,-0.02706131339073181,1491.4929352218105,-0.02748775933618656,8865.92201664878,0.04746340173213167,0.21490487531577732,-0.015174288201482438,6.694708030906657,-0.0041776299476623535,-0.03487294912338257,14.795779500671074,0,0.9998185038566588,-4691.561202422656,0.07376715176577162,0.11415231227874756,21.49048753157773,0.006642793935542105,1686049517.711583,0.07722880475048549,89.00529385007242,-0.03855085372924805,-0.03335490822792053,0.004498845092907103,9950,-0.03590778526616581,-1.346569464961025,0.00020919005433150736,0.0011812037500326209,6808.221978195984,0.0002586006506535476,0.11415231227874756,0.001585124060511589,0.0653405242810449,-0.015335755153485411,0.03240745238981846,{'runtime': 12},9950,9950,0.07722880475048549
23,worthy-sweep-22,3,IDHPSAC,0.1,0.001,SAC-citation/denim-leaf-172,exp1_hold,0.8,0.8,0,9950,0.0545904215625619,12.90079402923584,9950,0.0005945813835551029,9950,0.0,0.0028592261417144677,0.053754783830540574,-0.008685473263127791,0.0,-0.0004137157793351421,8.822129930263687e-05,1544.1825727249145,-0.008685473263127791,9580,-0.03546625870423284,0.05597832937992144,0.03621151856950783,0.005140483602973749,-0.0288831889629364,0.0013205237861168653,0.004756765534770616,-0.010298701182190494,4.935458857617649e-05,-2290.3480553734316,-0.010298701182190494,-0.01718050241470337,0.03490658503988659,9950,0.03490658503988659,89.19156004405521,-0.02483600378036499,1507.6318779103233,0.0,8486.97972525087,-0.5368080919467357,0.07751187655605694,-0.0048053500903790045,2.15335471761355,-0.0099448561668396,0.05683186650276184,5.597832937992144,0,1.0001795291900637,-3467.5799641343306,4.258843648138112e-05,0.09953802824020386,7.751187655605694,0.004756765534770616,1686049496.262491,0.0629043185354428,89.11535660405164,-0.01718050241470337,-0.0288831889629364,0.0005945813835551029,9950,0.03621151856950783,-0.9042988849209428,0.0003868723306701559,2.0632191140266692e-05,7871.42452789132,6.211257524719466e-06,0.09953802824020386,6.089868111303076e-05,8.967902040658754e-06,-0.008713402496572152,0.00027516280679522754,{'runtime': 12},9950,9950,0.0629043185354428
24,lucky-sweep-21,2,IDHPSAC,0.1,0.001,SAC-citation/denim-leaf-172,exp1_pseudo_random_sin,0.8,0.8,0,9950,0.05906195288771587,12.740442991256714,9950,0.018651153952957363,9950,0.0,0.01190812911849821,0.0762110165069295,-0.21264823892215037,-0.1845515065112372,-0.02219615773524903,0.00977203085753538,1556.0924471188814,-0.21264823892215037,9580,-0.08440670168111898,0.048428503801256635,0.022528267793435343,0.01194320129264068,-0.03421276807785034,0.00854089658651691,0.012097353255890567,-0.19006396977857667,0.029809312864547233,1362.8893018243125,-0.19006396977857667,-0.03517252206802368,0.0,9950,0.0,89.237832694362,-0.021376490592956543,1484.6119540742343,-0.1866243304896529,8753.465121002127,0.0807963843559915,0.1455064965244197,-0.032529150056741014,9.707799272316304,-0.023942768573760983,0.029249578714370728,4.842850380125664,0,0.9995360970497132,-3140.041083002719,0.092115568147174,0.09801164269447328,14.550649652441969,0.012097353255890567,1686049474.758959,0.05713738889647922,88.98825191711902,-0.03517252206802368,-0.03421276807785034,0.018651153952957363,9950,0.022528267793435343,-0.9212372964297932,4.315474526189423e-05,0.02030178161886492,8005.036354807052,0.0018512213711222168,0.09801164269447328,0.00019567371055018157,0.1403644182924006,-0.0330120059492738,0.0026706941516567596,{'runtime': 12},9950,9950,0.05713738889647922
25,stellar-sweep-20,2,IDHPSAC,0.1,0.001,SAC-citation/denim-leaf-172,exp1_fixed_sin,0.8,0.8,0,9950,0.05522800130901545,12.663456201553345,9950,0.005699835709892224,9950,0.0,0.03960059590998086,0.05907636011331363,-0.12122543802767809,-0.02644481602307201,-0.0024529792259217406,0.0031583587266265957,1563.5658607171722,-0.12122543802767809,9580,-0.14325563071533348,0.1508908741555849,-0.03538810009920728,0.01046526329523998,-0.03335490822792053,0.0025752790748895453,0.006642793935542105,-0.03698895737872636,0.008242522854208803,431.94337326016694,-0.03698895737872636,-0.03855085372924805,-0.02748775933618656,9950,-0.02644481602307201,89.28356128446845,-0.028866469860076904,1477.4459771153845,-0.02748775933618656,8870.622919350486,0.08465392758810299,0.21490487531577732,-0.017365589105543294,6.401400116019243,-0.00439608097076416,-0.03369933366775513,15.089087415558488,0,0.9996858835220336,-4691.561202422656,0.07376715176577162,0.11415231227874756,21.49048753157773,0.006642793935542105,1686049453.6314182,0.07722880475048549,89.00529385007242,-0.03855085372924805,-0.03335490822792053,0.005699835709892224,9950,-0.03538810009920728,-1.346569464961025,0.00032927555965764306,0.0018960396445999188,6808.221978195984,0.00022766402166417903,0.11415231227874756,0.0010591009631752968,0.0650763302699373,-0.015335755153485411,0.03240745238981846,{'runtime': 12},9950,9950,0.07722880475048549
26,smooth-sweep-19,2,IDHPSAC,0.1,0.001,SAC-citation/denim-leaf-172,exp1_hold,0.8,0.8,0,9950,0.0545904215625619,12.6963951587677,9950,0.0008922097531618554,9950,0.0,0.0028592261417144677,0.05369637597444668,-0.008685473263127791,0.0,-4.896548628427548e-05,8.822129930263687e-05,1544.1825727249145,-0.008685473263127791,9580,-0.03546625870423284,0.023613000628868407,0.03489265968600837,0.0040433445524283825,-0.0288831889629364,0.0013205237861168653,0.004756765534770616,0.0008290719316144162,-3.182957831312747e-06,-1323.4210934795524,0.0008290719316144162,-0.01718050241470337,0.03490658503988659,9950,0.03490658503988659,89.19347363885606,-0.024649053812026978,1506.8618874432157,0.0,8738.224764167502,-0.35255106297278604,0.07751187655605694,-0.0034396729344908,5.389887592718853,-0.009536385536193848,0.054561346769332886,2.3613000628868406,0,0.9999075531959534,-3467.5799641343306,4.258843648138112e-05,0.09953802824020386,7.751187655605694,0.004756765534770616,1686049432.5202932,0.0629043185354428,89.11535660405164,-0.01718050241470337,-0.0288831889629364,0.0008922097531618554,9950,0.03489265968600837,-0.9042988849209428,2.5071896131662283e-06,4.645758935225237e-05,7871.42452789132,7.07318856877833e-10,0.09953802824020386,0.0008279887260869145,3.3474721127274605e-06,-0.008713402496572152,0.00027516280679522754,{'runtime': 12},9950,9950,0.0629043185354428
27,azure-sweep-18,1,IDHPSAC,0.1,0.001,SAC-citation/denim-leaf-172,exp1_pseudo_random_sin,0.8,0.8,0,9950,0.05906195288771587,12.722819089889526,9950,-0.0074365914874419585,9950,0.0,0.01190812911849821,0.04735104657210475,-0.21264823892215037,-0.1845515065112372,-0.007638421636157423,0.00977203085753538,1556.0924471188814,-0.21264823892215037,9580,-0.08440670168111898,0.038498132299982384,0.013746450851068587,0.009851034689070467,-0.03421276807785034,0.00854089658651691,0.012097353255890567,-0.21856655118305443,0.011992141817543907,833.9322375335321,-0.21856655118305443,-0.03517252206802368,0.0,9950,0.0,89.14130888500661,-0.03500199317932129,1483.9928901111937,-0.1866243304896529,8826.066949811353,0.007038047121287162,0.1455064965244197,-0.02313632830137849,10.70083642244373,-0.046350836753845215,0.02335989475250244,3.8498132299982384,0,0.9996787905693054,-3140.041083002719,0.092115568147174,0.09801164269447328,14.550649652441969,0.012097353255890567,1686049410.889228,0.05713738889647922,88.98825191711902,-0.03517252206802368,-0.03421276807785034,-0.0074365914874419585,9950,0.013746450851068587,-0.9212372964297932,0.0037216280581297287,0.00322753223384661,8005.036354807052,0.0006892613441810843,0.09801164269447328,0.0003983780916314572,0.15667378703621895,-0.0330120059492738,0.0026706941516567596,{'runtime': 12},9950,9950,0.05713738889647922
28,noble-sweep-17,1,IDHPSAC,0.1,0.001,SAC-citation/denim-leaf-172,exp1_fixed_sin,0.8,0.8,0,9950,0.05522800130901545,12.852888107299805,9950,-0.007055496177162251,9950,4.933113814331591e-05,0.03960059590998086,0.048753462778578845,-0.12122543802767809,-0.02644481602307201,-0.003706899878710721,0.0031583587266265957,1563.5658607171722,-0.12122543802767809,9580,-0.14325563071533348,0.16507184252393728,-0.03539924974921216,0.03072126014818692,-0.03335490822792053,0.0025752790748895453,0.006642793935542105,-0.014949994488979691,-0.00844552068835965,-641.3789778551293,-0.014949994488979691,-0.03855085372924805,-0.02748775933618656,9950,-0.02644481602307201,89.2280199706052,-0.021455109119415283,1452.4576439911289,-0.02748775933618656,8844.443831588465,-0.04310004840151079,0.21490487531577732,-0.014931877289353392,4.983303279184003,-0.0027059316635131836,-0.03389480710029602,16.507184252393728,0,0.9999008774757384,-4691.561202422656,0.07376715176577162,0.11415231227874756,21.49048753157773,0.006642793935542105,1686049389.9787111,0.07722880475048549,89.00529385007242,-0.03855085372924805,-0.03335490822792053,-0.007055496177162251,9950,-0.03539924974921216,-1.346569464961025,0.0005733806011995995,0.002905212203749832,6808.221978195984,0.00022830707376128928,0.11415231227874756,0.0019239119719713928,0.06260682902256448,-0.015335755153485411,0.03240745238981846,{'runtime': 12},9950,9950,0.07722880475048549
29,pretty-sweep-16,1,IDHPSAC,0.1,0.001,SAC-citation/denim-leaf-172,exp1_hold,0.8,0.8,0,9950,0.0545904215625619,12.757280826568604,9950,0.0004185418420079826,9950,0.0,0.0028592261417144677,0.053673603266733656,-0.008685473263127791,0.0,-1.6501411445747078e-05,8.822129930263687e-05,1544.1825727249145,-0.008685473263127791,9580,-0.03546625870423284,0.03750821616672339,0.03587096090614242,0.00508572314624612,-0.0288831889629364,0.0013205237861168653,0.004756765534770616,-0.0008894371546649387,2.9368365781741554e-06,-1875.5704935004808,-0.0008894371546649387,-0.01718050241470337,0.03490658503988659,9950,0.03490658503988659,89.19624031664638,-0.02471068501472473,1502.9888845140997,0.0,8621.507658981038,-0.4335011869886501,0.07751187655605694,-0.003730675773829661,4.000366038933354,-0.00981086492538452,0.05612275004386902,3.750821616672339,0,1.000135898590088,-3467.5799641343306,4.258843648138112e-05,0.09953802824020386,7.751187655605694,0.004756765534770616,1686049367.811931,0.0629043185354428,89.11535660405164,-0.01718050241470337,-0.0288831889629364,0.0004185418420079826,9950,0.03587096090614242,-0.9042988849209428,2.885581135592548e-06,1.0223521170863702e-05,7871.42452789132,3.3923091392908266e-06,0.09953802824020386,0.0004232118953950703,2.487486842756083e-06,-0.008713402496572152,0.00027516280679522754,{'runtime': 12},9950,9950,0.0629043185354428
30,cerulean-sweep-15,5,IDHPSAC,0.1,0.001,SAC-citation/divine-grass-171,exp1_pseudo_random_sin,0.8,0.8,0,9950,0.059382548025994464,13.802412986755373,9950,0.0009969369793086551,9950,0.0003603764052968472,0.02065009455464233,0.05727173000373291,-0.21817842840980592,-0.1845515065112372,-0.0011190196255993642,0.012834047569707442,1503.9400689562483,-0.21817842840980592,9580,-0.0745149541686056,0.02990278000794501,0.016186357147790938,0.0031715367792550945,-0.03677278757095337,0.0003098589820644375,0.00230420267192342,-0.19199883444531604,0.004713670321166173,584.630413105129,-0.19199883444531604,-0.037548959255218506,0.0,9950,0.0,89.20268532154695,-0.02602851390838623,1505.4969868796593,-0.1866243304896529,8847.690419906874,-0.0005572038822775383,0.15779549185077776,-0.027784641024944302,12.789271184283276,-0.027274608612060547,0.028216242790222168,2.9902780007945005,0,1.0000462532043457,-3866.370142740564,0.07792566264373382,0.13052889704704285,15.779549185077776,0.00230420267192342,1686049338.417096,0.07524188108645367,89.00568920111164,-0.037548959255218506,-0.03677278757095337,0.0009969369793086551,9950,0.016186357147790938,-1.1409846067266,0.0001053609139171785,5.800402741446647e-05,7524.973441417991,0.0009556546842677192,0.13052889704704285,0.0,0.10826510478102276,-0.0392512811970887,0.0038738976548276256,{'runtime': 12},9950,9950,0.07524188108645367
31,classic-sweep-14,5,IDHPSAC,0.1,0.001,SAC-citation/divine-grass-171,exp1_fixed_sin,0.8,0.8,0,9950,0.05333140824097095,13.405354976654053,9950,0.0052380748014537746,9950,0.0005835110787302256,0.03550758942819213,0.05708984551174917,-0.04509064574495435,-0.02644481602307201,-0.003683394194464971,-0.0011572146039621728,1510.441520112519,-0.04509064574495435,9580,-0.08920520082274058,0.1427250792661946,-0.051276373036781626,0.00897918085957432,-0.02958473563194275,0.001986223637768618,0.005833815687924594,-0.029707319700672235,0.022638494350767376,-283.2964992984658,-0.029707319700672235,-0.02930516004562378,-0.02748775933618656,9950,-0.02644481602307201,89.18540712492813,-0.03080129623413086,1487.57717390724,-0.02748775933618656,8870.727797550047,-0.014062103058293625,0.1772531839688858,-0.013990336638182726,3.4528104702691227,-0.0008450150489807129,-0.04196512699127197,14.27250792661946,0,0.9999834895133972,-4147.11040414813,0.04701072016245421,0.12307754158973694,17.725318396888582,0.005833815687924594,1686049316.873418,0.07169729328670925,89.05978174140921,-0.02930516004562378,-0.02958473563194275,0.0052380748014537746,9950,-0.051276373036781626,-1.1361366751356,1.796952830225623e-05,0.0016012757624424786,7354.071561643924,0.0020641489037202363,0.12307754158973694,0.0,0.051292235641921126,-0.02259011790399363,0.0011981260535175438,{'runtime': 12},9950,9950,0.07169729328670925
32,cosmic-sweep-13,5,IDHPSAC,0.1,0.001,SAC-citation/divine-grass-171,exp1_hold,0.8,0.8,0,9950,0.054564956823104374,13.22162413597107,9950,0.00025568043693423954,9950,0.00010247269528917968,0.008544644364083125,0.053684834935123944,-0.002507172615273151,0.0,-3.868338803908594e-06,3.407877673003503e-05,1499.464994819939,-0.002507172615273151,9580,-0.033197439891600025,0.024565440264051663,0.03478639733366474,0.004048570498002334,-0.032124996185302734,5.601397403481668e-06,-0.0003098038595046569,-1.1053902283154268e-05,5.285972204263616e-06,-1201.0539589954074,-1.1053902283154268e-05,-0.022666871547698975,0.03490658503988659,9950,0.03490658503988659,89.19948170940872,-0.02459704875946045,1506.6434176041032,0.0,8747.624220625748,-0.3422300227612504,0.09846831964545076,-0.0035233603300952334,7.3902879381399105,-0.009510159492492676,0.05440807342529297,2.456544026405166,0,0.9996508955955504,-4364.410725755671,-4.702242007514079e-06,0.13220807909965515,9.846831964545077,-0.0003098038595046569,1686049295.684926,0.0833066136273145,89.11391274981798,-0.022666871547698975,-0.032124996185302734,0.00025568043693423954,9950,0.03478639733366474,-1.1903667033118093,4.4569113673829884e-10,3.815203761807603e-06,7187.582743364337,5.268935096425293e-08,0.13220807909965515,0.0,3.880957243549102e-08,-0.011445098462019083,2.2928266789998687e-05,{'runtime': 12},9950,9950,0.0833066136273145
33,hardy-sweep-12,4,IDHPSAC,0.1,0.001,SAC-citation/divine-grass-171,exp1_pseudo_random_sin,0.8,0.8,0,9950,0.059382548025994464,13.13450312614441,9950,-0.008949901905985743,9950,0.00023484620032832024,0.02065009455464233,0.05739354899725265,-0.21817842840980592,-0.1845515065112372,-0.006122476182371933,0.012834047569707442,1503.9400689562483,-0.21817842840980592,9580,-0.0745149541686056,0.03798782770674045,0.01988440193538268,0.00418011634325262,-0.03677278757095337,0.0003098589820644375,0.00230420267192342,-0.1853954036058972,0.008647425934406663,492.15507357518845,-0.1853954036058972,-0.037548959255218506,0.0,9950,0.0,89.51812972474978,-0.0269947350025177,1490.117960820818,-0.1866243304896529,8856.196114054614,-0.024124946216653956,0.15779549185077776,-0.027018351488529307,11.980766414403732,-0.023954808712005615,0.03421464562416077,3.798782770674045,0,0.999981164932251,-3866.370142740564,0.07792566264373382,0.13052889704704285,15.779549185077776,0.00230420267192342,1686049269.594818,0.07524188108645367,89.00568920111164,-0.037548959255218506,-0.03677278757095337,-0.008949901905985743,9950,0.01988440193538268,-1.1409846067266,5.508772598446923e-06,0.0046747596704003105,7524.973441417991,0.001442207739373175,0.13052889704704285,0.0,0.0884041421889925,-0.0392512811970887,0.0038738976548276256,{'runtime': 12},9950,9950,0.07524188108645367
34,lucky-sweep-11,4,IDHPSAC,0.1,0.001,SAC-citation/divine-grass-171,exp1_fixed_sin,0.8,0.8,0,9950,0.05333140824097095,13.146421909332275,9950,0.008700590688425304,9950,0.00041399477049708366,0.03550758942819213,0.05595194403951694,-0.04509064574495435,-0.02644481602307201,-0.006470207731225541,-0.0011572146039621728,1510.441520112519,-0.04509064574495435,9580,-0.08920520082274058,0.12806888279162995,-0.049409491176054365,0.009353998271772372,-0.02958473563194275,0.001986223637768618,0.005833815687924594,-0.03654741749826199,-0.002637837475745329,-82.145236317725,-0.03654741749826199,-0.02930516004562378,-0.02748775933618656,9950,-0.02644481602307201,89.12201509967971,-0.021820366382598877,1489.906708219204,-0.02748775933618656,8872.278225443659,0.05569270364952097,0.1772531839688858,-0.02358509031815121,4.9184301177255865,0.0041384100914001465,-0.045036137104034424,12.806888279162996,0,0.9995306730270386,-4147.11040414813,0.04701072016245421,0.12307754158973694,17.725318396888582,0.005833815687924594,1686049248.520751,0.07169729328670925,89.05978174140921,-0.02930516004562378,-0.02958473563194275,0.008700590688425304,9950,-0.049409491176054365,-1.1361366751356,0.0002993824773934835,0.004417944078066071,7354.071561643924,0.0017528811757659855,0.12307754158973694,0.0,0.04383093043862415,-0.02259011790399363,0.0011981260535175438,{'runtime': 12},9950,9950,0.07169729328670925
35,northern-sweep-10,4,IDHPSAC,0.1,0.001,SAC-citation/divine-grass-171,exp1_hold,0.8,0.8,0,9950,0.054564956823104374,12.944825172424316,9950,-0.00020419196224676897,9950,3.2635420211590827e-05,0.008544644364083125,0.05364717065910945,-0.002507172615273151,0.0,-7.698950249196248e-06,3.407877673003503e-05,1499.464994819939,-0.002507172615273151,9580,-0.033197439891600025,0.03222066177496712,0.03395950013332594,0.005142738745497615,-0.032124996185302734,5.601397403481668e-06,-0.0003098038595046569,-0.0007393452404694175,2.5666951854718907e-06,-988.6255054880792,-0.0007393452404694175,-0.022666871547698975,0.03490658503988659,9950,0.03490658503988659,89.20414769956072,-0.024496346712112427,1504.18985672922,0.0,8772.728783444918,-0.31739599520940537,0.09846831964545076,-0.003521410519832247,6.624765787048364,-0.009287059307098389,0.05312997102737427,3.2220661774967123,0,0.9990294575691224,-4364.410725755671,-4.702242007514079e-06,0.13220807909965515,9.846831964545077,-0.0003098038595046569,1686049226.290806,0.0833066136273145,89.11391274981798,-0.022666871547698975,-0.032124996185302734,-0.00020419196224676897,9950,0.03395950013332594,-1.1903667033118093,1.9938722005514295e-06,2.4333244690488643e-06,7187.582743364337,3.271753579595954e-06,0.13220807909965515,0.0,-1.79848457128752e-07,-0.011445098462019083,2.2928266789998687e-05,{'runtime': 12},9950,9950,0.0833066136273145
36,magic-sweep-9,3,IDHPSAC,0.1,0.001,SAC-citation/divine-grass-171,exp1_pseudo_random_sin,0.8,0.8,0,9950,0.059382548025994464,13.03376007080078,9950,-0.0031201357291170285,9950,0.00016587514255661515,0.02065009455464233,0.05757933570848723,-0.21817842840980592,-0.1845515065112372,-0.0010287498272630756,0.012834047569707442,1503.9400689562483,-0.21817842840980592,9580,-0.0745149541686056,0.0272305468549834,0.007206874099442409,0.0023159782297716837,-0.03677278757095337,0.0003098589820644375,0.00230420267192342,-0.19524608323565495,0.007526392511155001,424.7962280958049,-0.19524608323565495,-0.037548959255218506,0.0,9950,0.0,89.37215393397045,-0.02623462677001953,1500.7935701678132,-0.1866243304896529,8858.103540572813,-0.011183818093453394,0.15779549185077776,-0.02606172670413938,13.056494499579436,-0.02428048849105835,0.015083521604537964,2.72305468549834,0,1.000014066696167,-3866.370142740564,0.07792566264373382,0.13052889704704285,15.779549185077776,0.00230420267192342,1686049205.295258,0.07524188108645367,89.00568920111164,-0.037548959255218506,-0.03677278757095337,-0.0031201357291170285,9950,0.007206874099442409,-1.1409846067266,0.00027114018213127275,0.0005681587656151608,7524.973441417991,0.00018945087951664183,0.13052889704704285,0.0,0.102504910385096,-0.0392512811970887,0.0038738976548276256,{'runtime': 12},9950,9950,0.07524188108645367
37,fragrant-sweep-8,3,IDHPSAC,0.1,0.001,SAC-citation/divine-grass-171,exp1_fixed_sin,0.8,0.8,0,9950,0.05333140824097095,13.296010971069336,9950,0.002184848947324291,9950,0.0006282659014686942,0.03550758942819213,0.056670632518173655,-0.04509064574495435,-0.02644481602307201,-0.0012988991783733402,-0.0011572146039621728,1510.441520112519,-0.04509064574495435,9580,-0.08920520082274058,0.12702866689090478,-0.04157915245407937,0.011105712068090228,-0.02958473563194275,0.001986223637768618,0.005833815687924594,-0.036496432151105776,0.005943509753677527,105.3158122216924,-0.036496432151105776,-0.02930516004562378,-0.02748775933618656,9950,-0.02644481602307201,89.22839418973139,-0.026645272970199585,1495.5177507055366,-0.02748775933618656,8870.626708499838,0.037816932787715314,0.1772531839688858,-0.01522212936563488,5.022451707798105,0.0030542612075805664,-0.03916841745376587,12.702866689090476,0,0.9997645020484924,-4147.11040414813,0.04701072016245421,0.12307754158973694,17.725318396888582,0.005833815687924594,1686049184.544829,0.07169729328670925,89.05978174140921,-0.02930516004562378,-0.02958473563194275,0.002184848947324291,9950,-0.04157915245407937,-1.1361366751356,0.00029602226930018063,0.00027859003093659725,7354.071561643924,0.0007242868781365625,0.12307754158973694,0.0,0.04777339856201451,-0.02259011790399363,0.0011981260535175438,{'runtime': 12},9950,9950,0.07169729328670925
38,twilight-sweep-7,3,IDHPSAC,0.1,0.001,SAC-citation/divine-grass-171,exp1_hold,0.8,0.8,0,9950,0.054564956823104374,13.34592080116272,9950,-0.0006827419230255237,9950,-0.0004237155371811241,0.008544644364083125,0.053575701833212794,-0.002507172615273151,0.0,-5.269766734865552e-05,3.407877673003503e-05,1499.464994819939,-0.002507172615273151,9580,-0.033197439891600025,0.0416088552977651,0.03443852106029611,0.0066396897580300596,-0.032124996185302734,5.601397403481668e-06,-0.0003098038595046569,0.002601940869154722,-8.31878254608101e-06,-1190.5735379185776,0.002601940869154722,-0.022666871547698975,0.03490658503988659,9950,0.03490658503988659,89.20848207896395,-0.024443238973617554,1497.174372149562,0.0,8755.514563368277,-0.32658664434464524,0.09846831964545076,-0.003202429511213165,5.685946434768566,-0.009403526782989502,0.05381426215171814,4.16088552977651,0,0.9988349676132202,-4364.410725755671,-4.702242007514079e-06,0.13220807909965515,9.846831964545077,-0.0003098038595046569,1686049162.5324469,0.0833066136273145,89.11391274981798,-0.022666871547698975,-0.032124996185302734,-0.0006827419230255237,9950,0.03443852106029611,-1.1903667033118093,2.4694350088631076e-05,2.7204195057844553e-05,7187.582743364337,7.991222021798917e-07,0.13220807909965515,0.0,-1.9803198254766552e-06,-0.011445098462019083,2.2928266789998687e-05,{'runtime': 12},9950,9950,0.0833066136273145
39,fragrant-sweep-6,2,IDHPSAC,0.1,0.001,SAC-citation/divine-grass-171,exp1_pseudo_random_sin,0.8,0.8,0,9950,0.059382548025994464,13.49554705619812,9950,-0.011604804639626282,9950,0.00017451608437113464,0.02065009455464233,0.048392653970542064,-0.21817842840980592,-0.1845515065112372,-0.008885897999463346,0.012834047569707442,1503.9400689562483,-0.21817842840980592,9580,-0.0745149541686056,0.03296446979467185,0.012229236442691449,0.0025760917482523823,-0.03677278757095337,0.0003098589820644375,0.00230420267192342,-0.19810567681412375,0.021432722608586044,411.0508254585756,-0.19810567681412375,-0.037548959255218506,0.0,9950,0.0,89.18763962662275,-0.03295069932937622,1512.9750325198268,-0.1866243304896529,8855.829330781671,-0.02935616656122127,0.15779549185077776,-0.0278666019394455,12.483102205610592,-0.023736536502838135,0.01600360870361328,3.296446979467185,0,1.0000063180923462,-3866.370142740564,0.07792566264373382,0.13052889704704285,15.779549185077776,0.00230420267192342,1686049141.679739,0.07524188108645367,89.00568920111164,-0.037548959255218506,-0.03677278757095337,-0.011604804639626282,9950,0.012229236442691449,-1.1409846067266,0.000480826494188972,0.007859563109581144,7524.973441417991,0.0005455083956932296,0.13052889704704285,0.0,0.13679871022568094,-0.0392512811970887,0.0038738976548276256,{'runtime': 12},9950,9950,0.07524188108645367
40,resilient-sweep-5,2,IDHPSAC,0.1,0.001,SAC-citation/divine-grass-171,exp1_fixed_sin,0.8,0.8,0,9950,0.05333140824097095,12.513219118118286,9950,-0.002384966468861978,9950,0.0003961425391025841,0.03550758942819213,0.05533572190311047,-0.04509064574495435,-0.02644481602307201,-0.0035019982550265213,-0.0011572146039621728,1510.441520112519,-0.04509064574495435,9580,-0.08920520082274058,0.1328318839175278,-0.05429390102164736,0.00904261484156306,-0.02958473563194275,0.001986223637768618,0.005833815687924594,-0.03975619168538368,0.003852887904681074,-227.03867420484607,-0.03975619168538368,-0.02930516004562378,-0.02748775933618656,9950,-0.02644481602307201,89.24995764694089,-0.02855461835861206,1488.4193779177897,-0.02748775933618656,8870.285262699626,0.008368270635411366,0.1772531839688858,-0.015580935491430824,4.4421300051358035,0.004793047904968262,-0.05511900782585144,13.28318839175278,0,0.9997326135635376,-4147.11040414813,0.04701072016245421,0.12307754158973694,17.725318396888582,0.005833815687924594,1686049119.7824042,0.07169729328670925,89.05978174140921,-0.02930516004562378,-0.02958473563194275,-0.002384966468861978,9950,-0.05429390102164736,-1.1361366751356,0.0005490108157169584,0.0003319611749396618,7354.071561643924,0.0026210262643699012,0.12307754158973694,0.0,0.046560944417622506,-0.02259011790399363,0.0011981260535175438,{'runtime': 11},9950,9950,0.07169729328670925
41,silvery-sweep-4,2,IDHPSAC,0.1,0.001,SAC-citation/divine-grass-171,exp1_hold,0.8,0.8,0,9950,0.054564956823104374,12.549742937088013,9950,-0.00040125795190229,9950,7.316202390938997e-05,0.008544644364083125,0.053633586031385905,-0.002507172615273151,0.0,-1.4644362436168152e-05,3.407877673003503e-05,1499.464994819939,-0.002507172615273151,9580,-0.033197439891600025,0.027870537137334023,0.035624579196145825,0.004234398076504869,-0.032124996185302734,5.601397403481668e-06,-0.0003098038595046569,0.000960829015951698,-2.7173909763079836e-06,-1100.9669225413304,0.000960829015951698,-0.022666871547698975,0.03490658503988659,9950,0.03490658503988659,89.20481500022443,-0.024602502584457397,1501.488642903976,0.0,8760.689612507696,-0.33129797703656655,0.09846831964545076,-0.003501390359155479,7.059778250811674,-0.009734809398651125,0.05570155382156372,2.7870537137334024,0,0.9996641874313354,-4364.410725755671,-4.702242007514079e-06,0.13220807909965515,9.846831964545077,-0.0003098038595046569,1686049098.755004,0.0833066136273145,89.11391274981798,-0.022666871547698975,-0.032124996185302734,-0.00040125795190229,9950,0.035624579196145825,-1.1903667033118093,3.3674020734347968e-06,9.39658490400085e-06,7187.582743364337,1.8803754587325051e-06,0.13220807909965515,0.0,-1.5905074352819347e-06,-0.011445098462019083,2.2928266789998687e-05,{'runtime': 11},9950,9950,0.0833066136273145
42,glamorous-sweep-3,1,IDHPSAC,0.1,0.001,SAC-citation/divine-grass-171,exp1_pseudo_random_sin,0.8,0.8,0,9950,0.059382548025994464,12.576215744018556,9950,-0.003456640395162144,9950,0.00010971748997690156,0.02065009455464233,0.0579848562099007,-0.21817842840980592,-0.1845515065112372,-0.002636888948249125,0.012834047569707442,1503.9400689562483,-0.21817842840980592,9580,-0.0745149541686056,0.03207604503901227,0.00891045697424264,0.001881745335670246,-0.03677278757095337,0.0003098589820644375,0.00230420267192342,-0.2078928054767898,0.008424202804055727,398.6585857806873,-0.2078928054767898,-0.037548959255218506,0.0,9950,0.0,89.40427476033051,-0.02734473347663879,1501.264973693386,-0.1866243304896529,8856.969966631159,-0.0024618489569176788,0.15779549185077776,-0.031022680692055948,12.57194468117655,-0.023158669471740723,0.024588972330093384,3.207604503901227,0,0.9999236464500428,-3866.370142740564,0.07792566264373382,0.13052889704704285,15.779549185077776,0.00230420267192342,1686049077.738866,0.07524188108645367,89.00568920111164,-0.037548959255218506,-0.03677278757095337,-0.003456640395162144,9950,0.00891045697424264,-1.1409846067266,0.0016499677551642669,0.000697318423867647,7524.973441417991,0.00028960276921721143,0.13052889704704285,0.0,0.09639902993580284,-0.0392512811970887,0.0038738976548276256,{'runtime': 11},9950,9950,0.07524188108645367
43,still-sweep-2,1,IDHPSAC,0.1,0.001,SAC-citation/divine-grass-171,exp1_fixed_sin,0.8,0.8,0,9950,0.05333140824097095,12.576585292816162,9950,0.009362951796247555,9950,0.0005121908616274595,0.03550758942819213,0.0608143045532277,-0.04509064574495435,-0.02644481602307201,-0.0057532651051824465,-0.0011572146039621728,1510.441520112519,-0.04509064574495435,9580,-0.08920520082274058,0.12947099335249862,-0.03616564353125379,0.010366030830716508,-0.02958473563194275,0.001986223637768618,0.005833815687924594,-0.017520474901801156,0.008525060122030505,474.4763855066988,-0.017520474901801156,-0.02930516004562378,-0.02748775933618656,9950,-0.02644481602307201,89.2028962789064,-0.02143201231956482,1486.0740730811583,-0.02748775933618656,8858.584179442354,0.12165084213800996,0.1772531839688858,-0.015007146938381948,4.778219061638721,0.015781164169311523,-0.02996808290481567,12.94709933524986,0,0.999673068523407,-4147.11040414813,0.04701072016245421,0.12307754158973694,17.725318396888582,0.005833815687924594,1686049056.7516842,0.07169729328670925,89.05978174140921,-0.02930516004562378,-0.02958473563194275,0.009362951796247555,9950,-0.03616564353125379,-1.1361366751356,0.0003623735236499594,0.005116209420268893,7354.071561643924,0.0002746821612635949,0.12307754158973694,0.0,0.020790416654769616,-0.02259011790399363,0.0011981260535175438,{'runtime': 11},9950,9950,0.07169729328670925
44,fluent-sweep-1,1,IDHPSAC,0.1,0.001,SAC-citation/divine-grass-171,exp1_hold,0.8,0.8,0,9950,0.054564956823104374,12.55059003829956,9950,0.0005871369236568853,9950,-0.00011112646461697297,0.008544644364083125,0.05375639603203499,-0.002507172615273151,0.0,-0.00012009082061621286,3.407877673003503e-05,1499.464994819939,-0.002507172615273151,9580,-0.033197439891600025,0.039985982670013936,0.03703390263664053,0.005149760865275259,-0.032124996185302734,5.601397403481668e-06,-0.0003098038595046569,-0.004783557660691674,2.037701291120247e-05,-1324.2426665707997,-0.004783557660691674,-0.022666871547698975,0.03490658503988659,9950,0.03490658503988659,89.19314533998197,-0.024902641773223877,1509.4438858855497,0.0,8708.910513011244,-0.39696695677629384,0.09846831964545076,-0.004276424076303652,5.848233697543683,-0.01014566421508789,0.05801659822463989,3.9985982670013938,0,0.999692976474762,-4364.410725755671,-4.702242007514079e-06,0.13220807909965515,9.846831964545077,-0.0003098038595046569,1686049035.232179,0.0833066136273145,89.11391274981798,-0.022666871547698975,-0.032124996185302734,0.0005871369236568853,9950,0.03703390263664053,-1.1903667033118093,8.346507384459186e-05,2.01187745518894e-05,7187.582743364337,1.6506972219731605e-05,0.13220807909965515,0.0,5.0225953620766555e-06,-0.011445098462019083,2.2928266789998687e-05,{'runtime': 11},9950,9950,0.0833066136273145
