,name,seed,agent,lr_a_high,lr_c_high,sac_model,task_train,discount_factor,discount_factor_model,online/phi_ref,citation_states/xe,citation_states/psi,eval/nmae,sac_improvement,learning/rewards,eval/phi_sq_error,citation_states/phi,citation_states/alpha,eval/de,eval/reward,eval/beta_ref,online_states/r,online/action_dr,citation_states/theta,eval/phi,citation_states/p,online_states/phi,online_states/psi,citation_states/step,train/step,online_states/q,online/nmae,online_states/he,online/phi_sq_error,online_states/xe,online_states/step,citation_states/beta,_runtime,online_states/V,online_states/ye,online_states/alpha,online/beta_ref,citation_inputs/da,_wandb,eval/beta,sac_hybrid,online/beta,learning/step,online/action_de,citation_states/r,citation_states/he,eval/dr,sac_only,_timestamp,eval/phi_ref,online/action_da,eval/beta_sq_error,online_states/theta,online_states/p,citation_states/q,eval/theta,online/phi,online/step,actor/idhp_w_1,actor/idhp_w_2,online/theta,citation_inputs/dr,eval/theta_sq_error,online/beta_sq_error,online/mean_error,online_states/beta,_step,eval/step,actor/idhp_w_0,eval/theta_ref,citation_states/V,online/theta_ref,citation_inputs/de,citation_inputs/step,citation_states/ye,online/theta_sq_error,eval/da
0,vibrant-sweep-45,5,IDHPDSAC,0.1,0.001,DSAC-citation/vague-hill-35,exp1_pseudo_random_sin,0.8,0.8,-0.1866243304896529,5248.832835771558,-1.901013773475261,0.25436821131807064,21.026651903304774,-0.020350129902321903,0.0035478026307937303,-0.2167766448256852,0.05826640702843494,-0.047158896923065186,-0.10641382375215017,0,-0.02600916271726383,0.027807176113128666,-0.004119945027815706,-0.2167766448256852,0.08253416443931301,-0.22093499351970927,-0.04663073939505504,9950,9950,-0.002113904462256908,0.04410169228502289,1505.1695068946365,0.004293989484275277,8859.103516198153,9950,0.11948732241774652,11.894061088562012,89.02260797183361,536.8338779521928,0.054643954126946045,0,-0.050727784633636475,{'runtime': 11},-0.004119945027815706,4.410169228502289,0.01599403376361539,9950,-0.024667978286743164,-0.04489594493846209,1483.0072915518476,0.2013532817363739,25.436821131807065,1686050176.49141,-0.1845515065112372,-0.028995633125305176,0.0009906165529270376,0.01599403376361539,0.1151118501382851,0.01162259558061769,0.11948732241774652,-0.22093499351970927,9950,0.0,-6.509484956040978e-05,0.017576581089162248,0.2013532817363739,0.05207705466001451,0.014929276275549417,0.00641991671668568,0.017576581089162248,9580,9950,0.9993593096733092,0.0,88.88718960815251,0.0,-0.047158896923065186,9950,-5690.8911367772325,0.0011268641424972106,-0.050727784633636475
1,electric-sweep-44,5,IDHPDSAC,0.1,0.001,DSAC-citation/vague-hill-35,exp1_fixed_sin,0.8,0.8,-0.02748775933618656,4997.179744094879,-1.9070869684555103,0.27429397735965705,15.731263633634788,-0.002826107412487158,0.0019684298617660165,-0.05019732197722156,0.054286375025239746,-0.04258525371551514,-0.11249426656887346,0,-0.015602746099948472,-0.030917197465896606,0.001074718458362821,-0.05019732197722156,0.04834791467204391,-0.04070671367755866,0.07081644130344003,9950,9950,0.0013033602249491912,0.11698134102330916,1503.0109386200495,0.0006373778404897117,8866.450680305903,9950,0.1222093849011995,11.82061219215393,89.29350714810907,312.91084239914505,0.05371706336474853,0,-0.04350227117538452,{'runtime': 11},0.001074718458362821,11.698134102330917,-0.005866000202797854,9950,-0.024986356496810913,-0.027403491663858724,1492.0699627368963,0.20018747448921204,27.429397735965704,1686050155.2059882,-0.02644481602307201,-0.002053976058959961,6.740811054393681e-05,-0.005866000202797854,0.05110477964299563,0.0007308325650627477,0.1222093849011995,-0.04070671367755866,9950,5.503143256646581e-05,0.0003616729227360338,-0.034522907186933176,0.20018747448921204,0.08117118084567762,0.002008199642150363,0.007276864377059598,-0.034522907186933176,9580,9950,1.000522494316101,-0.02644481602307201,88.95920600125908,-0.02748775933618656,-0.04258525371551514,9950,-5867.19137663915,0.00018052992984708363,-0.04350227117538452
2,prime-sweep-43,5,IDHPDSAC,0.1,0.001,DSAC-citation/vague-hill-35,exp1_hold,0.8,0.8,0.0,5034.319148684257,-1.8847010344288773,0.1886688399879441,15.755963900885806,-6.14986420167268e-05,5.25189647159662e-06,0.0011999321801452834,0.056106606127753034,-0.0459781289100647,-0.06445329339479244,0,-0.00399873825419151,0.05667567253112793,0.0006539412956999588,0.0011999321801452834,9.760442531608303e-06,-0.0030238451121664695,-0.414836339657192,9950,9950,1.2492878106385377e-05,0.031109200979085996,1509.3700420668818,3.3351996703038835e-05,8664.380304401877,9950,0.1323338841913152,11.68290901184082,89.206109550501,-1543.813659752171,0.05370922820791798,0,-0.0359920859336853,{'runtime': 11},0.0006539412956999588,3.1109200979085996,-0.0006149347311861469,9950,-0.02470335364341736,-0.01818435459650189,1494.712765588372,0.21051648259162903,18.866883998794407,1686050133.643785,0.0,-0.009908020496368408,2.495745317497581e-05,-0.0006149347311861469,-2.7582128160083475e-06,-1.834688436807434e-05,0.1323338841913152,-0.0030238451121664695,9950,3.0354989576153457e-05,0.0,0.036197416960042306,0.21051648259162903,0.03462295107595133,2.2068904887463465e-05,0.003491141659581441,0.036197416960042306,9580,9950,0.9999735355377196,0.03490658503988659,88.99579202888562,0.03490658503988659,-0.0459781289100647,9950,-5886.831186225673,6.0777404262245e-06,-0.0359920859336853
3,different-sweep-42,4,IDHPDSAC,0.1,0.001,DSAC-citation/vague-hill-35,exp1_pseudo_random_sin,0.8,0.8,-0.1866243304896529,5248.832835771558,-1.901013773475261,0.25436821131807064,22.24023142556642,-0.0028166522127253298,0.0035478026307937303,-0.2167766448256852,0.05826640702843494,-0.047158896923065186,-0.10641382375215017,0,-0.030424233683052047,0.01886081695556641,-0.004119945027815706,-0.2167766448256852,0.08253416443931301,-0.21168902572985596,-0.005113178933293921,9950,9950,0.010696919064290333,0.03196589706240644,1510.1551559375666,0.0022915408956955675,8836.206146241539,9950,0.11948732241774652,11.786895036697388,89.3283548705265,666.4238704541442,0.05883672372246471,0,-0.050727784633636475,{'runtime': 11},-0.004119945027815706,3.196589706240644,-0.0025152357163139853,9950,-0.02812749147415161,-0.04489594493846209,1483.0072915518476,0.2013532817363739,25.436821131807065,1686050112.286682,-0.1845515065112372,-0.023907363414764404,0.0009906165529270376,-0.0025152357163139853,0.10343457328579554,0.01162259558061769,0.11948732241774652,-0.21168902572985596,9950,0.0,-4.867563984589651e-05,0.006537559002182804,0.2013532817363739,0.05207705466001451,0.0003692156666141342,0.0041942608134206685,0.006537559002182804,9580,9950,0.9993816018104552,0.0,88.88718960815251,0.0,-0.047158896923065186,9950,-5690.8911367772325,0.00015589565041562817,-0.050727784633636475
4,breezy-sweep-41,4,IDHPDSAC,0.1,0.001,DSAC-citation/vague-hill-35,exp1_fixed_sin,0.8,0.8,-0.02748775933618656,4997.179744094879,-1.9070869684555103,0.27429397735965705,17.003371992097385,-0.00042350174730630826,0.0019684298617660165,-0.05019732197722156,0.054286375025239746,-0.04258525371551514,-0.11249426656887346,0,-0.01291799919926607,-0.0327276885509491,0.001074718458362821,-0.05019732197722156,0.04834791467204391,-0.035281313803062965,0.05667205985079623,9950,9950,-0.002042668570825002,0.1042602574386832,1503.756615488144,0.0002215510972225737,8865.58292473153,9950,0.1222093849011995,11.837489128112791,89.20532653104613,220.23467113446895,0.05270812237574858,0,-0.04350227117538452,{'runtime': 11},0.001074718458362821,10.42602574386832,-0.0007966061131294978,9950,-0.023783981800079346,-0.027403491663858724,1492.0699627368963,0.20018747448921204,27.429397735965704,1686050091.085715,-0.02644481602307201,-0.0016762018203735352,6.740811054393681e-05,-0.0007966061131294978,0.04875841366597761,0.0007308325650627477,0.1222093849011995,-0.035281313803062965,9950,9.810999017645372e-07,0.0,-0.03421179209680541,0.20018747448921204,0.08117118084567762,3.703480034695421e-05,0.005757938361620507,-0.03421179209680541,9580,9950,1.0003786087036133,-0.02644481602307201,88.95920600125908,-0.02748775933618656,-0.04258525371551514,9950,-5867.19137663915,0.00016491584973678036,-0.04350227117538452
5,fanciful-sweep-40,4,IDHPDSAC,0.1,0.001,DSAC-citation/vague-hill-35,exp1_hold,0.8,0.8,0.0,5034.319148684257,-1.8847010344288773,0.1886688399879441,16.321007389876897,-8.831433558079877e-05,5.25189647159662e-06,0.0011999321801452834,0.056106606127753034,-0.0459781289100647,-0.06445329339479244,0,-0.0035548838661621424,0.05444002151489258,0.0006539412956999588,0.0011999321801452834,9.760442531608303e-06,-0.0003598820250651616,-0.3618062297419464,9950,9950,1.130797099976749e-06,0.025458766089175095,1525.6984968277648,4.724143340765948e-07,8717.342840082396,9950,0.1323338841913152,12.64339303970337,89.19240508086874,-1303.273714447893,0.05385030937036235,0,-0.0359920859336853,{'runtime': 11},0.0006539412956999588,2.5458766089175096,0.0012265396350449886,9950,-0.02475687861442566,-0.01818435459650189,1494.712765588372,0.21051648259162903,18.866883998794407,1686050070.647914,0.0,-0.00951552391052246,2.495745317497581e-05,0.0012265396350449886,4.897521576049708e-06,-1.834688436807434e-05,0.1323338841913152,-0.0003598820250651616,9950,1.7577600374352187e-05,0.0,0.034797178285183396,0.21051648259162903,0.03462295107595133,8.77982605132645e-05,0.0040033179917129385,0.034797178285183396,9580,9950,0.9998689889907836,0.03490658503988659,88.99579202888562,0.03490658503988659,-0.0459781289100647,9950,-5886.831186225673,4.366073345767557e-08,-0.0359920859336853
6,trim-sweep-39,3,IDHPDSAC,0.1,0.001,DSAC-citation/vague-hill-35,exp1_pseudo_random_sin,0.8,0.8,-0.1866243304896529,5248.832835771558,-1.901013773475261,0.25436821131807064,22.471780475233512,-0.0025517306408379572,0.0035478026307937303,-0.2167766448256852,0.05826640702843494,-0.047158896923065186,-0.10641382375215017,0,-0.02148782304731142,0.013032406568527222,-0.004119945027815706,-0.2167766448256852,0.08253416443931301,-0.1609698267980335,0.11110083373173488,9950,9950,0.008250341796632225,0.029650406565735532,1510.962474100367,0.002400656316606181,8788.177810152072,9950,0.11948732241774652,12.483283281326294,89.30641590565666,1109.8542137412016,0.058472328404694233,0,-0.050727784633636475,{'runtime': 11},-0.004119945027815706,2.965040656573553,0.00035629808536157605,9950,-0.02733650803565979,-0.04489594493846209,1483.0072915518476,0.2013532817363739,25.436821131807065,1686050049.4058292,-0.1845515065112372,-0.022314488887786865,0.0009906165529270376,0.00035629808536157605,0.09312751732722702,0.01162259558061769,0.11948732241774652,-0.1609698267980335,9950,0.0,-8.07672186056152e-05,0.006275883248518621,0.2013532817363739,0.05207705466001451,7.408831457940533e-06,0.00493131279195769,0.006275883248518621,9580,9950,0.9993827939033508,0.0,88.88718960815251,0.0,-0.047158896923065186,9950,-5690.8911367772325,0.0001436654927738356,-0.050727784633636475
7,swept-sweep-38,3,IDHPDSAC,0.1,0.001,DSAC-citation/vague-hill-35,exp1_fixed_sin,0.8,0.8,-0.02748775933618656,4997.179744094879,-1.9070869684555103,0.27429397735965705,15.863403292469744,-0.0026181997502908155,0.0019684298617660165,-0.05019732197722156,0.054286375025239746,-0.04258525371551514,-0.11249426656887346,0,-0.015928808399984735,-0.030616074800491333,0.001074718458362821,-0.05019732197722156,0.04834791467204391,-0.05052813452148181,-0.02052366828587498,9950,9950,0.00020060891976282457,0.1156599444349596,1505.640035273315,0.0019363410341290603,8865.226582660594,9950,0.1222093849011995,12.47319722175598,89.25422027325284,-21.33880234706128,0.053542247603601587,0,-0.04350227117538452,{'runtime': 11},0.001074718458362821,11.56599444349596,-0.0029510879910958792,9950,-0.02469480037689209,-0.027403491663858724,1492.0699627368963,0.20018747448921204,27.429397735965704,1686050028.0223732,-0.02644481602307201,-0.0018480420112609863,6.740811054393681e-05,-0.0029510879910958792,0.05008997801677339,0.0007308325650627477,0.1222093849011995,-0.05052813452148181,9950,-1.0440967344038654e-05,-6.506912768600159e-07,-0.03438650655576196,0.20018747448921204,0.08117118084567762,0.0005082613149329412,0.006828435401858201,-0.03438650655576196,9580,9950,1.000240921974182,-0.02644481602307201,88.95920600125908,-0.02748775933618656,-0.04258525371551514,9950,-5867.19137663915,0.0001735974012288138,-0.04350227117538452
8,atomic-sweep-37,3,IDHPDSAC,0.1,0.001,DSAC-citation/vague-hill-35,exp1_hold,0.8,0.8,0.0,5034.319148684257,-1.8847010344288773,0.1886688399879441,16.238950412783694,-7.928506171565704e-05,5.25189647159662e-06,0.0011999321801452834,0.056106606127753034,-0.0459781289100647,-0.06445329339479244,0,-0.003702569703120753,0.05498671531677246,0.0006539412956999588,0.0011999321801452834,9.760442531608303e-06,-0.0012998734337355629,-0.3760824403093387,9950,9950,4.918562567685737e-06,0.02627933586010713,1504.5433685195644,6.163180559457831e-06,8706.716859976472,9950,0.1323338841913152,12.592047214508057,89.21310624593534,-1362.0901046422816,0.05363740770244804,0,-0.0359920859336853,{'runtime': 11},0.0006539412956999588,2.627933586010713,-0.0011178150071828735,9950,-0.02451196312904358,-0.01818435459650189,1494.712765588372,0.21051648259162903,18.866883998794407,1686050006.6148071,0.0,-0.009611308574676514,2.495745317497581e-05,-0.0011178150071828735,-3.686622048592147e-06,-1.834688436807434e-05,0.1323338841913152,-0.0012998734337355629,9950,1.4022014511283489e-05,0.0,0.03514027852812409,0.21051648259162903,0.03462295107595133,7.292267810893331e-05,0.003555447798511454,0.03514027852812409,9580,9950,0.999878466129303,0.03490658503988659,88.99579202888562,0.03490658503988659,-0.0459781289100647,9950,-5886.831186225673,1.992030472659028e-07,-0.0359920859336853
9,rare-sweep-36,2,IDHPDSAC,0.1,0.001,DSAC-citation/vague-hill-35,exp1_pseudo_random_sin,0.8,0.8,-0.1866243304896529,5248.832835771558,-1.901013773475261,0.25436821131807064,22.031935567987873,-0.002338118325843412,0.0035478026307937303,-0.2167766448256852,0.05826640702843494,-0.047158896923065186,-0.10641382375215017,0,-0.030079406447900588,0.01759195327758789,-0.004119945027815706,-0.2167766448256852,0.08253416443931301,-0.20845306120727136,0.0035077074442931397,9950,9950,0.011702094562340098,0.03404885563819194,1512.361303166968,0.001738039819390268,8837.473372711756,9950,0.11948732241774652,12.955237865447998,89.38802748986386,647.181468263984,0.05949450386719939,0,-0.050727784633636475,{'runtime': 12},-0.004119945027815706,3.404885563819194,-0.0028659051423575404,9950,-0.02873086929321289,-0.04489594493846209,1483.0072915518476,0.2013532817363739,25.436821131807065,1686049985.308019,-0.1845515065112372,-0.023499608039855957,0.0009906165529270376,-0.0028659051423575404,0.10450522696731196,0.01162259558061769,0.11948732241774652,-0.20845306120727136,9950,0.0,-0.00012019039422739296,0.005753288895478329,0.2013532817363739,0.05207705466001451,0.00047934296896771954,0.004935182842912908,0.005753288895478329,9580,9950,0.9992058873176576,0.0,88.88718960815251,0.0,-0.047158896923065186,9950,-5690.8911367772325,0.00012073553748542436,-0.050727784633636475
10,dulcet-sweep-35,2,IDHPDSAC,0.1,0.001,DSAC-citation/vague-hill-35,exp1_fixed_sin,0.8,0.8,-0.02748775933618656,4997.179744094879,-1.9070869684555103,0.27429397735965705,16.09160661640112,-0.001769528995110382,0.0019684298617660165,-0.05019732197722156,0.054286375025239746,-0.04258525371551514,-0.11249426656887346,0,-0.014828297948013347,-0.03159114718437195,0.001074718458362821,-0.05019732197722156,0.04834791467204391,-0.04252647241199008,-0.0023569410966021026,9950,9950,-0.00020463689672085443,0.11337791119564584,1499.484899494883,0.0008249433051490608,8866.085826488914,9950,0.1222093849011995,13.046235084533691,89.25976540923425,-144.11738066554105,0.053398074990159534,0,-0.04350227117538452,{'runtime': 12},0.001074718458362821,11.337791119564583,-0.00362086381611574,9950,-0.02458605170249939,-0.027403491663858724,1492.0699627368963,0.20018747448921204,27.429397735965704,1686049962.697572,-0.02644481602307201,-0.0021433234214782715,6.740811054393681e-05,-0.00362086381611574,0.051652556792946454,0.0007308325650627477,0.1222093849011995,-0.04252647241199008,9950,0.0,0.0,-0.03450153532928893,0.20018747448921204,0.08117118084567762,0.0007651509466259532,0.006371634941521916,-0.03450153532928893,9580,9950,1.000226616859436,-0.02644481602307201,88.95920600125908,-0.02748775933618656,-0.04258525371551514,9950,-5867.19137663915,0.00017943474333536807,-0.04350227117538452
11,lilac-sweep-34,2,IDHPDSAC,0.1,0.001,DSAC-citation/vague-hill-35,exp1_hold,0.8,0.8,0.0,5034.319148684257,-1.8847010344288773,0.1886688399879441,16.194530582737908,-3.186475996112575e-05,5.25189647159662e-06,0.0011999321801452834,0.056106606127753034,-0.0459781289100647,-0.06445329339479244,0,-0.003203766629858744,0.0543399453163147,0.0006539412956999588,0.0011999321801452834,9.760442531608303e-06,0.0028298918669202255,-0.3285972618171694,9950,9950,-9.276085467021973e-06,0.026723534160564985,1515.448929319579,2.9210731809350304e-05,8746.189638322807,9950,0.1323338841913152,49.89241290092468,89.20202224930023,-1170.3499717541026,0.05373727940997656,0,-0.0359920859336853,{'runtime': 49},0.0006539412956999588,2.6723534160564983,0.00021062996164300483,9950,-0.024614065885543823,-0.01818435459650189,1494.712765588372,0.21051648259162903,18.866883998794407,1686049931.130018,0.0,-0.009494423866271973,2.495745317497581e-05,0.00021062996164300483,-6.499718257667398e-07,-1.834688436807434e-05,0.1323338841913152,0.0028298918669202255,9950,5.131218131282367e-05,0.0,0.03477325389197331,0.21051648259162903,0.03462295107595133,2.58918471994866e-06,0.0038428550336088657,0.03477325389197331,9580,9950,0.9998989701271056,0.03490658503988659,88.99579202888562,0.03490658503988659,-0.0459781289100647,9950,-5886.831186225673,6.48434318267895e-08,-0.0359920859336853
12,serene-sweep-33,1,IDHPDSAC,0.1,0.001,DSAC-citation/vague-hill-35,exp1_pseudo_random_sin,0.8,0.8,-0.1866243304896529,5248.832835771558,-1.901013773475261,0.25436821131807064,21.636289147737912,-0.02282553664951152,0.0035478026307937303,-0.2167766448256852,0.05826640702843494,-0.047158896923065186,-0.10641382375215017,0,-0.024001727483549413,0.01215258240699768,-0.004119945027815706,-0.2167766448256852,0.08253416443931301,-0.1549134039467009,0.06496932954462634,9950,9950,0.00964334763872974,0.03800531984069153,1505.6551516797315,0.0036679264505935353,8819.907060079617,9950,0.11948732241774652,13.85183596611023,89.63504222734771,905.3130127146832,0.05658483543891404,0,-0.050727784633636475,{'runtime': 11},-0.004119945027815706,3.800531984069153,-0.018002736775787866,9950,-0.026575058698654175,-0.04489594493846209,1483.0072915518476,0.2013532817363739,25.436821131807065,1686049874.2033489,-0.1845515065112372,-0.015909016132354736,0.0009906165529270376,-0.018002736775787866,0.07399477498618703,0.01162259558061769,0.11948732241774652,-0.1549134039467009,9950,1.1150411410199013e-05,0.00016121765656862408,0.008160337405625922,0.2013532817363739,0.05207705466001451,0.018914714968346527,0.005947127208005709,0.008160337405625922,9580,9950,0.9995487332344056,0.0,88.88718960815251,0.0,-0.047158896923065186,9950,-5690.8911367772325,0.0002428952305714578,-0.050727784633636475
13,crimson-sweep-32,1,IDHPDSAC,0.1,0.001,DSAC-citation/vague-hill-35,exp1_fixed_sin,0.8,0.8,-0.02748775933618656,4997.179744094879,-1.9070869684555103,0.27429397735965705,15.605152848894123,-0.0017949615788323938,0.0019684298617660165,-0.05019732197722156,0.054286375025239746,-0.04258525371551514,-0.11249426656887346,0,-0.017688204873788645,-0.028479695320129395,0.001074718458362821,-0.05019732197722156,0.04834791467204391,-0.046841179866832665,0.06824684865769216,9950,9950,0.0006525674339515702,0.1182424488707158,1498.582186391497,0.0013662123988484212,8860.182708476255,9950,0.1222093849011995,12.551159858703612,89.25559270790147,432.5885481499282,0.0542215540331939,0,-0.04350227117538452,{'runtime': 11},0.001074718458362821,11.82424488707158,-0.002173944163928841,9950,-0.02499699592590332,-0.027403491663858724,1492.0699627368963,0.20018747448921204,27.429397735965704,1686049850.9494898,-0.02644481602307201,-0.003425776958465576,6.740811054393681e-05,-0.002173944163928841,0.05563984703228766,0.0007308325650627477,0.1222093849011995,-0.046841179866832665,9950,3.360956043252372e-06,-6.398093432835594e-07,-0.033962903381075604,0.20018747448921204,0.08117118084567762,0.000275816033615144,0.007224333280851871,-0.033962903381075604,9580,9950,1.000109076499939,-0.02644481602307201,88.95920600125908,-0.02748775933618656,-0.04258525371551514,9950,-5867.19137663915,0.00015293314636882858,-0.04350227117538452
14,confused-sweep-31,1,IDHPDSAC,0.1,0.001,DSAC-citation/vague-hill-35,exp1_hold,0.8,0.8,0.0,5034.319148684257,-1.8847010344288773,0.1886688399879441,15.975004555207082,-0.00031990339360129556,5.25189647159662e-06,0.0011999321801452834,0.056106606127753034,-0.0459781289100647,-0.06445329339479244,0,-0.0032435846516088,0.05363073945045471,0.0006539412956999588,0.0011999321801452834,9.760442531608303e-06,0.0019630969787580014,-0.30300933532076263,9950,9950,-7.95389041937103e-06,0.02891879443587324,1536.977368107726,1.4056793493466028e-05,8772.904610992508,9950,0.1323338841913152,12.717718124389648,89.18485269261207,-952.7796839315348,0.05394896445471144,0,-0.0359920859336853,{'runtime': 11},0.0006539412956999588,2.8918794435873236,0.002284282912863546,9950,-0.024846315383911133,-0.01818435459650189,1494.712765588372,0.21051648259162903,18.866883998794407,1686049802.6921442,0.0,-0.009371340274810793,2.495745317497581e-05,0.002284282912863546,5.608205001082558e-06,-1.834688436807434e-05,0.1323338841913152,0.0019630969787580014,9950,3.6000194086227566e-05,0.0,0.03430458243039057,0.21051648259162903,0.03462295107595133,0.00030452469736724953,0.004937595261909356,0.03430458243039057,9580,9950,0.9998258948326112,0.03490658503988659,88.99579202888562,0.03490658503988659,-0.0459781289100647,9950,-5886.831186225673,1.3219027405800204e-06,-0.0359920859336853
15,rich-sweep-30,5,IDHPDSAC,0.1,0.001,DSAC-citation/smart-durian-34,exp1_pseudo_random_sin,0.8,0.8,-0.1866243304896529,8864.015270942462,-0.1531109891118845,0.053316060472984254,3.429850514527047,-0.000834196761062691,0.0077499366087136895,-0.23168365412335315,0.058964099528793015,-0.028666675090789795,-0.04798492580332833,0,-0.02709333566132677,0.010961681604385376,0.00293500739360924,-0.23168365412335315,0.07529167588311522,-0.1818160514302671,0.007500625437936029,9950,9950,0.013597630527336224,0.01901755532771379,1503.9148563282736,8.432999709426571e-05,8850.01046698491,9950,0.01754016538022121,12.75060224533081,89.2915971793286,595.7316050673917,0.06106196302482021,0,-0.021815001964569092,{'runtime': 12},0.00293500739360924,1.9017555327713789,0.003575815400960131,9950,-0.029034852981567383,-0.03174155077255686,1506.8124654088165,0.04141417145729065,5.3316060472984255,1686049780.9558651,-0.1845515065112372,-0.006351053714752197,0.0005027373334400213,0.003575815400960131,0.049998934831141296,0.010435042404815374,0.01754016538022121,-0.1818160514302671,9950,9.990393664338626e-06,0.0,0.0009984680433468285,0.04141417145729065,0.0011221996349859685,0.0007462303686124885,0.0008032121678079036,0.0009984680433468285,9580,9950,1.000164270401001,0.0,89.1716656406118,0.0,-0.028666675090789795,9950,-111.01269126690993,3.636395355936765e-06,-0.021815001964569092
16,stellar-sweep-29,5,IDHPDSAC,0.1,0.001,DSAC-citation/smart-durian-34,exp1_fixed_sin,0.8,0.8,-0.02748775933618656,8757.123946811527,-0.321293366244709,0.12968989254520535,1.2637236479209122,-0.0016779572706976129,0.001338492599791399,-0.04612289854522162,0.0536144912216235,-0.02403905987739563,-0.04940652241175804,0,-0.016301591191245135,-0.03318825364112854,0.0024211990791170464,-0.04612289854522162,0.04661620405196651,-0.04070408773656333,0.13007717355771584,9950,9950,0.0007722142339636665,0.11705265606599624,1484.73621671823,0.0006371246358388729,8864.72507799556,9950,0.02179988906240946,12.698827981948853,89.31757150397118,531.2596445298184,0.05511990456582156,0,-0.01574230194091797,{'runtime': 11},0.0024211990791170464,11.705265606599625,-0.003049813499237211,9950,-0.025471389293670654,-0.003147938886648679,1516.1199953562443,0.029858648777008057,12.968989254520537,1686049760.417214,-0.02644481602307201,0.0014250874519348145,0.00034212415530256017,-0.003049813499237211,0.044129337820250525,0.0001147546568295253,0.02179988906240946,-0.04070408773656333,9950,4.025729504064657e-05,0.0,-0.03917229520255076,0.029858648777008057,0.008674603896568545,0.0005428368264044365,0.004770662772650707,-0.03917229520255076,9580,9950,1.0001510381698608,-0.02644481602307201,89.1724895673042,-0.02748775933618656,-0.02403905987739563,9950,-1193.740447031984,0.0004979958084543035,-0.01574230194091797
17,revived-sweep-28,5,IDHPDSAC,0.1,0.001,DSAC-citation/smart-durian-34,exp1_hold,0.8,0.8,0.0,8764.073730331156,-0.3024487730582194,0.014434550147673107,-0.4311937447730261,-3.848605839925169e-06,6.003152082454601e-06,0.001282886677828589,0.053699641037641486,-0.024304181337356567,-0.006330595907896166,0,-0.003664893558819863,0.056019127368927,0.0007599510229121311,0.001282886677828589,4.843189485446446e-06,-0.0003677060168835038,-0.4077345817737185,9950,9950,-6.08225626425647e-06,0.018746487595403368,1504.203958694592,4.931786054309015e-07,8664.515583788549,9950,0.029285199010817605,12.425174236297607,89.19990114249136,-1664.0360748404787,0.05367018025445101,0,-0.008001565933227539,{'runtime': 11},0.0007599510229121311,1.8746487595403367,7.879360276254546e-05,9950,-0.024677366018295288,-0.002821628547397299,1513.4315042739634,0.04578197002410889,1.4434550147673106,1686049738.6939552,0.0,-0.009791076183319092,3.370497007205225e-05,7.879360276254546e-05,-4.338443210245958e-06,4.583522695496534e-07,0.029285199010817605,-0.0003677060168835038,9950,-0.0002013845078181475,0.0,0.035812440722888854,0.04578197002410889,0.00011526290879862104,3.623303014369185e-07,0.0016968663415442636,0.035812440722888854,9580,9950,0.9980726838111876,0.03490658503988659,89.2008015891871,0.03490658503988659,-0.024304181337356567,9950,-1190.5261068779173,2.9930969330573488e-06,-0.008001565933227539
18,scarlet-sweep-27,4,IDHPDSAC,0.1,0.001,DSAC-citation/smart-durian-34,exp1_pseudo_random_sin,0.8,0.8,-0.1866243304896529,8864.015270942462,-0.1531109891118845,0.053316060472984254,2.778638334653225,-0.003343088567544919,0.0077499366087136895,-0.23168365412335315,0.058964099528793015,-0.028666675090789795,-0.04798492580332833,0,-0.018249506334439225,0.007565140724182129,0.00293500739360924,-0.23168365412335315,0.07529167588311522,-0.169082962773622,0.010923597777118694,9950,9950,0.022055003925695697,0.025529677126452,1496.458883666539,0.001122353488387214,8844.181444043825,9950,0.01754016538022121,12.489404916763306,89.23459080748172,678.5931474014722,0.0532867338580449,0,-0.021815001964569092,{'runtime': 11},0.00293500739360924,2.5529677126452004,-0.005918495328864084,9950,-0.028678715229034424,-0.03174155077255686,1506.8124654088165,0.04141417145729065,5.3316060472984255,1686049718.057111,-0.1845515065112372,-0.02571803331375122,0.0005027373334400213,-0.005918495328864084,0.11843798498957628,0.010435042404815374,0.01754016538022121,-0.169082962773622,9950,2.7333300749887712e-05,0.0,0.006954835694248381,0.04141417145729065,0.0011221996349859685,0.0020443034257237045,0.0011137368323276234,0.006954835694248381,9580,9950,1.0003817081451416,0.0,89.1716656406118,0.0,-0.028666675090789795,9950,-111.01269126690993,0.00017643165343400109,-0.021815001964569092
19,exalted-sweep-26,4,IDHPDSAC,0.1,0.001,DSAC-citation/smart-durian-34,exp1_fixed_sin,0.8,0.8,-0.02748775933618656,8757.123946811527,-0.321293366244709,0.12968989254520535,0.851628503904859,-0.002153475915745281,0.001338492599791399,-0.04612289854522162,0.0536144912216235,-0.02403905987739563,-0.04940652241175804,0,-0.017623532572269177,-0.03051474690437317,0.0024211990791170464,-0.04612289854522162,0.04661620405196651,-0.0492167633871588,0.1172202208394934,9950,9950,0.00023399809495548411,0.12117360750615676,1489.310327332682,0.0017221952899978403,8861.599237307186,9950,0.02179988906240946,12.514305830001833,89.27399225327586,589.5926840002415,0.05504319615001004,0,-0.01574230194091797,{'runtime': 11},0.0024211990791170464,12.117360750615676,-0.001112098690494256,9950,-0.02533593773841858,-0.003147938886648679,1516.1199953562443,0.029858648777008057,12.968989254520537,1686049696.574684,-0.02644481602307201,-7.873773574829102e-05,0.00034212415530256017,-0.001112098690494256,0.04903378951475738,0.0001147546568295253,0.02179988906240946,-0.0492167633871588,9950,6.936389399925247e-05,0.0,-0.03740994741739524,0.029858648777008057,0.008674603896568545,7.217875667065419e-05,0.004168946648455426,-0.03740994741739524,9580,9950,1.0000221729278564,-0.02644481602307201,89.1724895673042,-0.02748775933618656,-0.02403905987739563,9950,-1193.740447031984,0.0003591018690767865,-0.01574230194091797
20,stilted-sweep-25,4,IDHPDSAC,0.1,0.001,DSAC-citation/smart-durian-34,exp1_hold,0.8,0.8,0.0,8764.073730331156,-0.3024487730582194,0.014434550147673107,-0.40184974311611343,-3.603164578375291e-05,6.003152082454601e-06,0.001282886677828589,0.053699641037641486,-0.024304181337356567,-0.006330595907896166,0,-0.003479506488075841,0.05538797378540039,0.0007599510229121311,0.001282886677828589,4.843189485446446e-06,0.0009494832700060156,-0.36569144051186353,9950,9950,-3.7761107631584417e-06,0.01845304757883424,1508.298299492988,3.288345100963237e-06,8720.372023125594,9950,0.029285199010817605,12.335246801376345,89.19481995064743,-1399.8989235634383,0.05370952628448769,0,-0.008001565933227539,{'runtime': 11},0.0007599510229121311,1.845304757883424,0.0007378688039271602,9950,-0.024700164794921875,-0.002821628547397299,1513.4315042739634,0.04578197002410889,1.4434550147673106,1686049674.6847098,0.0,-0.00968027114868164,3.370497007205225e-05,0.0007378688039271602,1.8620570991618617e-06,4.583522695496534e-07,0.029285199010817605,0.0009494832700060156,9950,-0.0002047737070824951,0.0,0.035421906146984115,0.04578197002410889,0.00011526290879862104,3.1774669117164546e-05,0.0018986751507644075,0.035421906146984115,9580,9950,0.9981640577316284,0.03490658503988659,89.2008015891871,0.03490658503988659,-0.024304181337356567,9950,-1190.5261068779173,9.686315656251302e-07,-0.008001565933227539
21,hopeful-sweep-24,3,IDHPDSAC,0.1,0.001,DSAC-citation/smart-durian-34,exp1_pseudo_random_sin,0.8,0.8,-0.1866243304896529,8864.015270942462,-0.1531109891118845,0.053316060472984254,2.6377731626906367,-0.007967925170110746,0.0077499366087136895,-0.23168365412335315,0.058964099528793015,-0.028666675090789795,-0.04798492580332833,0,-0.020283995173976603,0.011301904916763306,0.00293500739360924,-0.23168365412335315,0.07529167588311522,-0.1457823627477737,-0.01568460415758112,9950,9950,0.04320583366189733,0.02693832884607789,1495.5101794771929,0.006084376374640233,8851.948275208862,9950,0.01754016538022121,12.45906400680542,89.3637131573529,566.9452181491782,0.05964290691114742,0,-0.021815001964569092,{'runtime': 11},0.00293500739360924,2.693832884607789,-0.005330329073405307,9950,-0.03754329681396485,-0.03174155077255686,1506.8124654088165,0.04141417145729065,5.3316060472984255,1686049654.267623,-0.1845515065112372,-0.02389007806777954,0.0005027373334400213,-0.005330329073405307,0.1253660743436434,0.010435042404815374,0.01754016538022121,-0.1457823627477737,9950,4.740371514344588e-05,0.0,0.00786047506287586,0.04141417145729065,0.0011221996349859685,0.001658176595601808,0.0011888311099152412,0.00786047506287586,9580,9950,1.0004109144210815,0.0,89.1716656406118,0.0,-0.028666675090789795,9950,-111.01269126690993,0.0002253721998687046,-0.021815001964569092
22,sweepy-sweep-23,3,IDHPDSAC,0.1,0.001,DSAC-citation/smart-durian-34,exp1_fixed_sin,0.8,0.8,-0.02748775933618656,8757.123946811527,-0.321293366244709,0.12968989254520535,1.8877854596513437,-0.0016724618207082924,0.001338492599791399,-0.04612289854522162,0.0536144912216235,-0.02403905987739563,-0.04940652241175804,0,-0.017470829895763026,-0.03085145354270935,0.0024211990791170464,-0.04612289854522162,0.04661620405196651,-0.046091726919728335,0.04672842209210137,9950,9950,-0.0010490116861412236,0.11081203794869192,1499.9003914415605,0.0012624491771124865,8873.15046958619,9950,0.02179988906240946,12.519313097000122,89.23839350687346,224.61716893232892,0.05482981715955978,0,-0.01574230194091797,{'runtime': 11},0.0024211990791170464,11.081203794869191,0.0008026547616881679,9950,-0.02513149380683899,-0.003147938886648679,1516.1199953562443,0.029858648777008057,12.968989254520537,1686049631.815341,-0.02644481602307201,0.0006725192070007324,0.00034212415530256017,0.0008026547616881679,0.046508411218783526,0.0001147546568295253,0.02179988906240946,-0.046091726919728335,9950,4.928599810227752e-05,0.0,-0.03759217518033622,0.029858648777008057,0.008674603896568545,3.759934773478845e-05,0.003894203438273557,-0.03759217518033622,9580,9950,1.0006296634674072,-0.02644481602307201,89.1724895673042,-0.02748775933618656,-0.02403905987739563,9950,-1193.740447031984,0.00037241329586101775,-0.01574230194091797
23,proud-sweep-22,3,IDHPDSAC,0.1,0.001,DSAC-citation/smart-durian-34,exp1_hold,0.8,0.8,0.0,8764.073730331156,-0.3024487730582194,0.014434550147673107,-2.660421414904558,-0.0004146067477806773,6.003152082454601e-06,0.001282886677828589,0.053699641037641486,-0.024304181337356567,-0.006330595907896166,0,-0.004804724226937567,0.05683404207229614,0.0007599510229121311,0.001282886677828589,4.843189485446446e-06,-0.01030637471273384,-0.48399355981147313,9950,9950,4.945020758930923e-05,0.04103876429671869,1511.7204081764996,0.000387449060214814,8598.345230001665,9950,0.029285199010817605,13.1090829372406,89.19205193021163,-1826.648748224566,0.05378583285903537,0,-0.008001565933227539,{'runtime': 12},0.0007599510229121311,4.103876429671869,0.0005990214640438532,9950,-0.02485412359237671,-0.002821628547397299,1513.4315042739634,0.04578197002410889,1.4434550147673106,1686049603.096096,0.0,-0.009945034980773926,3.370497007205225e-05,0.0005990214640438532,9.189681677880382e-06,4.583522695496534e-07,0.029285199010817605,-0.01030637471273384,9950,-0.00011316499876556918,0.0,0.03621203776295025,0.04578197002410889,0.00011526290879862104,2.094148651622615e-05,0.002441153199262429,0.03621203776295025,9580,9950,0.9990530610084534,0.03490658503988659,89.2008015891871,0.03490658503988659,-0.024304181337356567,9950,-1190.5261068779173,6.216201049637174e-06,-0.008001565933227539
24,toasty-sweep-21,2,IDHPDSAC,0.1,0.001,DSAC-citation/smart-durian-34,exp1_pseudo_random_sin,0.8,0.8,-0.1866243304896529,8864.015270942462,-0.1531109891118845,0.053316060472984254,2.538069541757356,-0.01492385317061226,0.0077499366087136895,-0.23168365412335315,0.058964099528793015,-0.028666675090789795,-0.04798492580332833,0,-0.02121735872933924,0.01215040683746338,0.00293500739360924,-0.23168365412335315,0.07529167588311522,-0.13676719905506282,0.0423361502551233,9950,9950,0.04468890056743001,0.027935365055410697,1497.9631867747366,0.009066868776018895,8828.251175281404,9950,0.01754016538022121,13.41106390953064,89.57279769613328,823.4955882059384,0.061742261112595447,0,-0.021815001964569092,{'runtime': 12},0.00293500739360924,2.7935365055410695,-0.009765537993691807,9950,-0.03965729475021362,-0.03174155077255686,1506.8124654088165,0.04141417145729065,5.3316060472984255,1686049581.1536288,-0.1845515065112372,-0.02602344751358032,0.0005027373334400213,-0.009765537993691807,0.13973193787646676,0.010435042404815374,0.01754016538022121,-0.13676719905506282,9950,6.173880683491006e-05,0.0,0.008937214874390729,0.04141417145729065,0.0011221996349859685,0.005565639672683362,0.0012585641983643436,0.008937214874390729,9580,9950,1.0004229545593262,0.0,89.1716656406118,0.0,-0.028666675090789795,9950,-111.01269126690993,0.00029134472191000223,-0.021815001964569092
25,proud-sweep-20,2,IDHPDSAC,0.1,0.001,DSAC-citation/smart-durian-34,exp1_fixed_sin,0.8,0.8,-0.02748775933618656,8757.123946811527,-0.321293366244709,0.12968989254520535,0.9676425828133262,-0.001895520293455048,0.001338492599791399,-0.04612289854522162,0.0536144912216235,-0.02403905987739563,-0.04940652241175804,0,-0.01720359195357471,-0.03139403462409973,0.0024211990791170464,-0.04612289854522162,0.04661620405196651,-0.04801458460485378,0.0819510578609854,9950,9950,-0.000607736275507104,0.1200134667170721,1486.6995541890576,0.001536902532820868,8872.132729998217,9950,0.02179988906240946,13.224159955978394,89.2528909506214,391.9259722784269,0.05495484332158132,0,-0.01574230194091797,{'runtime': 12},0.0024211990791170464,12.001346671707209,-7.703952625392959e-05,9950,-0.02513831853866577,-0.003147938886648679,1516.1199953562443,0.029858648777008057,12.968989254520537,1686049559.708496,-0.02644481602307201,-1.5437602996826172e-05,0.00034212415530256017,-7.703952625392959e-05,0.049940963095652095,0.0001147546568295253,0.02179988906240946,-0.04801458460485378,9950,4.835989238927141e-05,0.0,-0.03739846737461537,0.029858648777008057,0.008674603896568545,3.463777166540026e-07,0.003965909680380463,-0.03739846737461537,9580,9950,1.00017511844635,-0.02644481602307201,89.1724895673042,-0.02748775933618656,-0.02403905987739563,9950,-1193.740447031984,0.0003582713829175263,-0.01574230194091797
26,fresh-sweep-19,2,IDHPDSAC,0.1,0.001,DSAC-citation/smart-durian-34,exp1_hold,0.8,0.8,0.0,8764.073730331156,-0.3024487730582194,0.014434550147673107,-0.2848848025523658,-5.0735098743618847e-05,6.003152082454601e-06,0.001282886677828589,0.053699641037641486,-0.024304181337356567,-0.006330595907896166,0,-0.00343840290048562,0.05455803871154785,0.0007599510229121311,0.001282886677828589,4.843189485446446e-06,0.00082336197573419,-0.3890976280787073,9950,9950,-3.166201976024076e-06,0.017283398173196764,1511.1921310853097,2.4727736755449884e-06,8677.988559168409,9950,0.029285199010817605,12.654954195022585,89.1938790567956,-1608.7021161543166,0.05372949700950142,0,-0.008001565933227539,{'runtime': 12},0.0007599510229121311,1.7283398173196765,0.000909364645732967,9950,-0.02466893196105957,-0.002821628547397299,1513.4315042739634,0.04578197002410889,1.4434550147673106,1686049537.870073,0.0,-0.009535551071166992,3.370497007205225e-05,0.000909364645732967,3.397897525061186e-06,4.583522695496534e-07,0.029285199010817605,0.00082336197573419,9950,-0.00013804249465465546,0.0,0.034889688321716295,0.04578197002410889,0.00011526290879862104,4.826128369228617e-05,0.0013975292279197996,0.034889688321716295,9580,9950,0.9982860088348388,0.03490658503988659,89.2008015891871,0.03490658503988659,-0.024304181337356567,9950,-1190.5261068779173,1.0413757876877901e-09,-0.008001565933227539
27,royal-sweep-18,1,IDHPDSAC,0.1,0.001,DSAC-citation/smart-durian-34,exp1_pseudo_random_sin,0.8,0.8,-0.1866243304896529,8864.015270942462,-0.1531109891118845,0.053316060472984254,3.267587579742025,-0.003556579107790514,0.0077499366087136895,-0.23168365412335315,0.058964099528793015,-0.028666675090789795,-0.04798492580332833,0,-0.019312422888216732,0.0007177889347076416,0.00293500739360924,-0.23168365412335315,0.07529167588311522,-0.18285595376684577,-0.013189998855955697,9950,9950,0.01703879605810468,0.020640184675564006,1495.4037524076612,5.179780786790087e-05,8854.751873017294,9950,0.01754016538022121,12.578592777252195,89.2721130090407,537.6491665910958,0.05382038095002575,0,-0.021815001964569092,{'runtime': 12},0.00293500739360924,2.0640184675564006,-0.007730501666891898,9950,-0.027164101600646973,-0.03174155077255686,1506.8124654088165,0.04141417145729065,5.3316060472984255,1686049517.283975,-0.1845515065112372,-0.027371227741241455,0.0005027373334400213,-0.007730501666891898,0.13055536993721592,0.010435042404815374,0.01754016538022121,-0.18285595376684577,9950,3.324386852909811e-05,0.0,0.0021645314735814435,0.04141417145729065,0.0011221996349859685,0.003487691752342989,0.0007391886709812572,0.0021645314735814435,9580,9950,1.0002776384353638,0.0,89.1716656406118,0.0,-0.028666675090789795,9950,-111.01269126690993,1.708954757962447e-05,-0.021815001964569092
28,divine-sweep-17,1,IDHPDSAC,0.1,0.001,DSAC-citation/smart-durian-34,exp1_fixed_sin,0.8,0.8,-0.02748775933618656,8757.123946811527,-0.321293366244709,0.12968989254520535,1.517006906216702,-0.0008161877016004071,0.001338492599791399,-0.04612289854522162,0.0536144912216235,-0.02403905987739563,-0.04940652241175804,0,-0.01603208464311898,-0.02947783470153809,0.0024211990791170464,-0.04612289854522162,0.04661620405196651,-0.03932449914504521,0.08180455954386597,9950,9950,-0.0008831306286760348,0.11451982348303834,1495.5170372496157,0.0005110541952763139,8871.014271628263,9950,0.02179988906240946,12.459439039230348,89.23963084054664,348.1850171644265,0.05446327415928294,0,-0.01574230194091797,{'runtime': 11},0.0024211990791170464,11.451982348303831,-4.6614156497644695e-05,9950,-0.024590134620666504,-0.003147938886648679,1516.1199953562443,0.029858648777008057,12.968989254520537,1686049495.819263,-0.02644481602307201,0.0013133883476257324,0.00034212415530256017,-4.6614156497644695e-05,0.04031760676156473,0.0001147546568295253,0.02179988906240946,-0.03932449914504521,9950,4.1676994442241266e-05,0.0,-0.0366321191921223,0.029858648777008057,0.008674603896568545,1.2681142938113285e-07,0.004311112975602753,-0.0366321191921223,9580,9950,1.0006749629974363,-0.02644481602307201,89.1724895673042,-0.02748775933618656,-0.02403905987739563,9950,-1193.740447031984,0.000305006694894712,-0.01574230194091797
29,cosmic-sweep-16,1,IDHPDSAC,0.1,0.001,DSAC-citation/smart-durian-34,exp1_hold,0.8,0.8,0.0,8764.073730331156,-0.3024487730582194,0.014434550147673107,-0.8386735952131481,-1.687112010913616e-05,6.003152082454601e-06,0.001282886677828589,0.053699641037641486,-0.024304181337356567,-0.006330595907896166,0,-0.003730179103401539,0.05610647797584534,0.0007599510229121311,0.001282886677828589,4.843189485446446e-06,-0.0009050557128464168,-0.42435241070641,9950,9950,2.834164625375257e-06,0.022821286099804588,1505.8411706959982,2.987812800030657e-06,8640.569610223365,9950,0.029285199010817605,12.392438173294067,89.19655290998696,-1763.9926129130322,0.053695225800178846,0,-0.008001565933227539,{'runtime': 11},0.0007599510229121311,2.2821286099804587,0.0004255433050237512,9950,-0.02472233772277832,-0.002821628547397299,1513.4315042739634,0.04578197002410889,1.4434550147673106,1686049473.991882,0.0,-0.009807884693145752,3.370497007205225e-05,0.0004255433050237512,2.307306076987407e-06,4.583522695496534e-07,0.029285199010817605,-0.0009050557128464168,9950,-0.00019474615692161024,0.0,0.03585989183957728,0.04578197002410889,0.00011526290879862104,1.0568424824808252e-05,0.0017600838425088192,0.03585989183957728,9580,9950,0.9982512593269348,0.03490658503988659,89.2008015891871,0.03490658503988659,-0.024304181337356567,9950,-1190.5261068779173,3.3148824842972508e-06,-0.008001565933227539
30,royal-sweep-15,5,IDHPDSAC,0.1,0.001,DSAC-citation/desert-fog-33,exp1_pseudo_random_sin,0.8,0.8,-0.1866243304896529,5195.730243909074,-1.9235919406427175,0.2544628746278633,22.862723024526964,-0.00033548190765246875,0.002506208902748577,-0.21180173224334797,0.05774243888503254,-0.0483221709728241,-0.10554824754800186,0,-0.021167421069302843,0.007584303617477417,-0.003603865603196192,-0.21180173224334797,0.09182922952058518,-0.1851512004054267,-0.038723797390709136,9950,9950,0.008326922200331942,0.02583564438259368,1509.998166895733,7.91562028699573e-06,8863.022556679756,9950,0.1251669087765246,12.508856058120728,89.33862662681607,133.7075896681997,0.05815104882086805,0,-0.053964197635650635,{'runtime': 11},-0.003603865603196192,2.583564438259368,-0.0019269967776667472,9950,-0.027088522911071777,-0.04461901139872645,1488.8286297283348,0.20771923661231995,25.446287462786337,1686049452.602389,-0.1845515065112372,-0.023356854915618896,0.0007579837785446661,-0.0019269967776667472,0.10157616989761342,0.010902444418233506,0.1251669087765246,-0.1851512004054267,9950,0.0,0.0,0.005512811645751673,0.20771923661231995,0.057145469967762645,0.00021671287559402343,0.0016593856461502245,0.005512811645751673,9580,9950,1.0,0.0,88.86708362722322,0.0,-0.0483221709728241,9950,-5716.521452743378,0.00011085341177144958,-0.053964197635650635
31,feasible-sweep-14,5,IDHPDSAC,0.1,0.001,DSAC-citation/desert-fog-33,exp1_fixed_sin,0.8,0.8,-0.02748775933618656,4924.277853444453,-1.9252914327134216,0.27213556077714446,15.20408299001208,-0.004058970693434405,0.0008638641857068503,-0.04235620825292444,0.053609345282638034,-0.04250049591064453,-0.11066012010249912,0,-0.03233021026178136,-0.019491255283355713,0.001950360156951617,-0.04235620825292444,0.04933041656940637,-0.043616442537105,-0.05635284652754816,9950,9950,0.00029091158704277174,0.12009473087702366,1496.380552195052,0.0009488565908079908,8835.998064909281,9950,0.12366686129895678,12.318718910217283,89.17704446975138,-768.1490761693301,0.055714967509926085,0,-0.043900132179260254,{'runtime': 11},0.001950360156951617,12.009473087702366,0.005202843583848868,9950,-0.026868104934692383,-0.027431930215783957,1504.41239119879,0.20274397730827332,27.213556077714447,1686049432.024864,-0.02644481602307201,0.006711423397064209,0.00022199969140090163,0.005202843583848868,0.006870483859800646,-0.0004634215950714769,0.12366686129895678,-0.043616442537105,9950,0.0,0.0,-0.047970487136407024,0.20274397730827332,0.08276504108009251,0.0015798078857634343,0.005738681928936931,-0.047970487136407024,9580,9950,1.0,-0.02644481602307201,88.95349409959069,-0.02748775933618656,-0.04250049591064453,9950,-5902.22276350698,0.0015303062168629798,-0.043900132179260254
32,light-sweep-13,5,IDHPDSAC,0.1,0.001,DSAC-citation/desert-fog-33,exp1_hold,0.8,0.8,0.0,4713.5742119313045,-1.9744796322434583,0.1990260396168477,16.84307338514428,-4.873458100812653e-06,1.4617435695485652e-05,-0.002001862380612432,0.056417675551917845,-0.04771679639816284,-0.06938856972863819,0,-0.0035677992017366044,0.05518719553947449,0.0013913164954946623,-0.002001862380612432,2.797249909202118e-05,2.1543351182990024e-05,-0.4817305210777657,9950,9950,3.150036355857642e-06,0.030595305765404895,1507.8530059936525,1.692892096579554e-09,8503.165354068036,9950,0.1363347671285919,12.39269518852234,89.19907561563355,-2323.613518895744,0.0536987858163105,0,-0.03710347414016723,{'runtime': 11},0.0013913164954946623,3.0595305765404897,0.0002731321244579963,9950,-0.02465236186981201,-0.019047199236632485,1502.6374233180852,0.21696683764457703,19.90260396168477,1686049410.418445,0.0,-0.009646356105804443,0.0001129729856328394,0.0002731321244579963,2.5411600602818022e-06,4.2063673787161895e-05,0.1363347671285919,2.1543351182990024e-05,9950,-0.0005336948670446873,0.0,0.03528341865614469,0.21696683764457703,0.037524942777303845,4.3537982802996305e-06,0.004310592286423365,0.03528341865614469,9580,9950,1.0,0.03490658503988659,88.97364162436682,0.03490658503988659,-0.04771679639816284,9950,-6011.801955263112,5.179669284164424e-07,-0.03710347414016723
33,deft-sweep-12,4,IDHPDSAC,0.1,0.001,DSAC-citation/desert-fog-33,exp1_pseudo_random_sin,0.8,0.8,-0.1866243304896529,5195.730243909074,-1.9235919406427175,0.2544628746278633,22.010756095367817,-0.01024582292594753,0.002506208902748577,-0.21180173224334797,0.05774243888503254,-0.0483221709728241,-0.10554824754800186,0,-0.0140613128499672,0.008275628089904785,-0.003603865603196192,-0.21180173224334797,0.09182922952058518,-0.18226956938679773,-0.06609097744125733,9950,9950,0.014194207012536236,0.034355313674185164,1499.1633112980685,6.917217405294509e-05,8878.364371379834,9950,0.1251669087765246,12.15939998626709,89.70083898865897,32.58754058809982,0.059221790121597624,0,-0.053964197635650635,{'runtime': 11},-0.003603865603196192,3.4355313674185166,-0.012952724368264222,9950,-0.028620004653930664,-0.04461901139872645,1488.8286297283348,0.20771923661231995,25.446287462786337,1686049389.686311,-0.1845515065112372,-0.02034705877304077,0.0007579837785446661,-0.012952724368264222,0.08292250330971586,0.010902444418233506,0.1251669087765246,-0.18226956938679773,9950,0.0,0.0,0.010277036914292164,0.20771923661231995,0.057145469967762645,0.0097914043525416,0.0031616579759720827,0.010277036914292164,9580,9950,1.0,0.0,88.86708362722322,0.0,-0.0483221709728241,9950,-5716.521452743378,0.0003852463993529858,-0.053964197635650635
34,rich-sweep-11,4,IDHPDSAC,0.1,0.001,DSAC-citation/desert-fog-33,exp1_fixed_sin,0.8,0.8,-0.02748775933618656,4924.277853444453,-1.9252914327134216,0.27213556077714446,16.661173548944447,-0.0008473959293586545,0.0008638641857068503,-0.04235620825292444,0.053609345282638034,-0.04250049591064453,-0.11066012010249912,0,-0.027316573121105473,-0.02078935503959656,0.001950360156951617,-0.04235620825292444,0.04933041656940637,-0.035411330542593863,-0.034160007114453064,9950,9950,0.0003670941858580581,0.1055238252877,1503.1011229577828,0.000229004852881315,8849.584590591774,9950,0.12366686129895678,12.714905977249146,89.22797960476053,-607.8283309927791,0.05368183801077378,0,-0.043900132179260254,{'runtime': 12},0.001950360156951617,10.55238252877,-0.001563557167264615,9950,-0.02533361315727234,-0.027431930215783957,1504.41239119879,0.20274397730827332,27.213556077714447,1686049367.741616,-0.02644481602307201,-0.0009729862213134766,0.00022199969140090163,-0.001563557167264615,0.05240223677282279,-0.0004634215950714769,0.12366686129895678,-0.035411330542593863,9950,2.7913400117540732e-05,0.0,-0.03890791907575301,0.20274397730827332,0.08276504108009251,0.00014267578391085204,0.005835578710683749,-0.03890791907575301,9580,9950,1.0,-0.02644481602307201,88.95349409959069,-0.02748775933618656,-0.04250049591064453,9950,-5902.22276350698,0.0004757152925664875,-0.043900132179260254
35,grateful-sweep-10,4,IDHPDSAC,0.1,0.001,DSAC-citation/desert-fog-33,exp1_hold,0.8,0.8,0.0,4713.5742119313045,-1.9744796322434583,0.1990260396168477,16.86758731407643,-2.7091353374357567e-06,1.4617435695485652e-05,-0.002001862380612432,0.056417675551917845,-0.04771679639816284,-0.06938856972863819,0,-0.0036018708183627977,0.05467641353607178,0.0013913164954946623,-0.002001862380612432,2.797249909202118e-05,-0.0006232603566887025,-0.4719028216060752,9950,9950,1.8101439765704624e-06,0.03035016647608339,1505.4471138871934,1.4169083614300402e-06,8528.213309676776,9950,0.1363347671285919,13.245888948440552,89.19995429649693,-2237.867541681583,0.05367317692032827,0,-0.03710347414016723,{'runtime': 12},0.0013913164954946623,3.035016647608339,0.00014838563741275518,9950,-0.024596691131591797,-0.019047199236632485,1502.6374233180852,0.21696683764457703,19.90260396168477,1686049337.866504,0.0,-0.009557545185089111,0.0001129729856328394,0.00014838563741275518,-3.7638826203365855e-08,4.2063673787161895e-05,0.1363347671285919,-0.0006232603566887025,9950,-0.0004078653000760823,0.0,0.03495106654438502,0.21696683764457703,0.037524942777303845,1.2850098931487675e-06,0.004780819376340128,0.03495106654438502,9580,9950,1.0,0.03490658503988659,88.97364162436682,0.03490658503988659,-0.04771679639816284,9950,-6011.801955263112,7.2170828569492206e-09,-0.03710347414016723
36,soft-sweep-9,3,IDHPDSAC,0.1,0.001,DSAC-citation/desert-fog-33,exp1_pseudo_random_sin,0.8,0.8,-0.1866243304896529,5195.730243909074,-1.9235919406427175,0.2544628746278633,22.93215457845097,-0.0022540689715567514,0.002506208902748577,-0.21180173224334797,0.05774243888503254,-0.0483221709728241,-0.10554824754800186,0,-0.020413750246765495,-0.0007083415985107422,-0.003603865603196192,-0.21180173224334797,0.09182922952058518,-0.19202808315600212,-0.03534500433773746,9950,9950,0.008527193678570376,0.02514132884335364,1503.6496879395715,0.00010651080843024508,8864.398972878413,9950,0.1251669087765246,12.889130115509031,89.46853354355623,145.96153006034888,0.05801664802110037,0,-0.053964197635650635,{'runtime': 12},-0.003603865603196192,2.5141328843353636,-0.006064486580891452,9950,-0.027022719383239743,-0.04461901139872645,1488.8286297283348,0.20771923661231995,25.446287462786337,1686049316.1654122,-0.1845515065112372,-0.022207319736480713,0.0007579837785446661,-0.006064486580891452,0.10567830336898285,0.010902444418233506,0.1251669087765246,-0.19202808315600212,9950,0.0,0.0,-0.0005632974410840535,0.20771923661231995,0.057145469967762645,0.002146400776893732,0.0017501983563842523,-0.0005632974410840535,9580,9950,1.0,0.0,88.86708362722322,0.0,-0.0483221709728241,9950,-5716.521452743378,1.1573862327739835e-06,-0.053964197635650635
37,drawn-sweep-8,3,IDHPDSAC,0.1,0.001,DSAC-citation/desert-fog-33,exp1_fixed_sin,0.8,0.8,-0.02748775933618656,4924.277853444453,-1.9252914327134216,0.27213556077714446,16.384583877019566,-0.0012366880461997084,0.0008638641857068503,-0.04235620825292444,0.053609345282638034,-0.04250049591064453,-0.11066012010249912,0,-0.024244237509183413,-0.024640291929244995,0.001950360156951617,-0.04235620825292444,0.04933041656940637,-0.04257047349101616,-0.05905457588518395,9950,9950,-0.0018949628333802084,0.1082897220069488,1505.7922900363938,0.0008297776945388782,8846.532487691215,9950,0.12366686129895678,12.94865894317627,89.19092835214649,-628.8393979816915,0.053517707071037,0,-0.043900132179260254,{'runtime': 12},0.001950360156951617,10.82897220069488,0.0013129140252147729,9950,-0.024763494729995728,-0.027431930215783957,1504.41239119879,0.20274397730827332,27.213556077714447,1686049295.028573,-0.02644481602307201,-0.004065990447998047,0.00022199969140090163,0.0013129140252147729,0.06393426062803824,-0.0004634215950714769,0.12366686129895678,-0.04257047349101616,9950,0.0,0.0,-0.03665164996544395,0.20274397730827332,0.08276504108009251,0.00010059938215469608,0.004996512484862575,-0.03665164996544395,9580,9950,1.0,-0.02644481602307201,88.95349409959069,-0.02748775933618656,-0.04250049591064453,9950,-5902.22276350698,0.000306310969506134,-0.043900132179260254
38,faithful-sweep-7,3,IDHPDSAC,0.1,0.001,DSAC-citation/desert-fog-33,exp1_hold,0.8,0.8,0.0,4713.5742119313045,-1.9744796322434583,0.1990260396168477,16.183042087972346,-5.275602049298694e-05,1.4617435695485652e-05,-0.002001862380612432,0.056417675551917845,-0.04771679639816284,-0.06938856972863819,0,-0.0031945281398777954,0.05380809307098389,0.0013913164954946623,-0.002001862380612432,2.797249909202118e-05,0.0026599751950191113,-0.4339499415715979,9950,9950,-8.433408390839198e-06,0.03719561873712423,1500.487991594911,2.580821267203943e-05,8573.297350564582,9950,0.1363347671285919,12.632040977478027,89.20881590740935,-2106.1474158748697,0.05360077185610893,0,-0.03710347414016723,{'runtime': 12},0.0013913164954946623,3.719561873712423,-0.0006691948064373973,9950,-0.02445802092552185,-0.019047199236632485,1502.6374233180852,0.21696683764457703,19.90260396168477,1686049273.2924669,0.0,-0.00940227508544922,0.0001129729856328394,-0.0006691948064373973,-1.98840142947215e-06,4.2063673787161895e-05,0.1363347671285919,0.0026599751950191113,9950,-0.0005262467311695218,0.0,0.03443462371182249,0.21696683764457703,0.037524942777303845,2.6135322385778083e-05,0.004456218086969837,0.03443462371182249,9580,9950,1.0,0.03490658503988659,88.97364162436682,0.03490658503988659,-0.04771679639816284,9950,-6011.801955263112,8.124854351694258e-07,-0.03710347414016723
39,denim-sweep-6,2,IDHPDSAC,0.1,0.001,DSAC-citation/desert-fog-33,exp1_pseudo_random_sin,0.8,0.8,-0.1866243304896529,5195.730243909074,-1.9235919406427175,0.2544628746278633,22.28796470345253,-0.004629217832799147,0.002506208902748577,-0.21180173224334797,0.05774243888503254,-0.0483221709728241,-0.10554824754800186,0,-0.025050164957835023,0.003871738910675049,-0.003603865603196192,-0.21180173224334797,0.09182922952058518,-0.22170356053932552,-0.05018215803895909,9950,9950,0.00823354987169416,0.031583227593338016,1516.8267337708512,0.0044885168555198725,8860.85888096892,9950,0.1251669087765246,12.92540693283081,89.24007914431436,108.46793883223005,0.05819513172386054,0,-0.053964197635650635,{'runtime': 11},-0.003603865603196192,3.1583227593338017,0.0015525824276276163,9950,-0.02721017599105835,-0.04461901139872645,1488.8286297283348,0.20771923661231995,25.446287462786337,1686049253.081989,-0.1845515065112372,-0.021937787532806396,0.0007579837785446661,0.0015525824276276163,0.10258416910643828,0.010902444418233506,0.1251669087765246,-0.22170356053932552,9950,0.0,0.0,7.600448015659938e-05,0.20771923661231995,0.057145469967762645,0.0001406799064736286,0.0024110014611745186,7.600448015659938e-05,9580,9950,1.0,0.0,88.86708362722322,0.0,-0.0483221709728241,9950,-5716.521452743378,2.10708056461253e-08,-0.053964197635650635
40,resilient-sweep-5,2,IDHPDSAC,0.1,0.001,DSAC-citation/desert-fog-33,exp1_fixed_sin,0.8,0.8,-0.02748775933618656,4924.277853444453,-1.9252914327134216,0.27213556077714446,16.263448872404382,-0.011175479748972657,0.0008638641857068503,-0.04235620825292444,0.053609345282638034,-0.04250049591064453,-0.11066012010249912,0,-0.03004928663787224,-0.01903378963470459,0.001950360156951617,-0.04235620825292444,0.04933041656940637,-0.07761456759187876,-0.07846321386825218,9950,9950,-0.007719773116055559,0.10950107205310068,1497.745971183631,0.009165219287058896,8840.424123210654,9950,0.12366686129895678,12.279864072799684,89.07697425737318,-717.9434175885968,0.04776853948536426,0,-0.043900132179260254,{'runtime': 11},0.001950360156951617,10.950107205310069,0.0054387270927064735,9950,-0.021316438913345337,-0.027431930215783957,1504.41239119879,0.20274397730827332,27.213556077714447,1686049231.100029,-0.02644481602307201,-0.005848228931427002,0.00022199969140090163,0.0054387270927064735,0.05193023431028132,-0.0004634215950714769,0.12366686129895678,-0.07761456759187876,9950,0.0,0.0,-0.03631092664071132,0.20274397730827332,0.08276504108009251,0.0017263039817632957,0.005311222937681757,-0.03631092664071132,9580,9950,1.0,-0.02644481602307201,88.95349409959069,-0.02748775933618656,-0.04250049591064453,9950,-5902.22276350698,0.0002839564801504625,-0.043900132179260254
41,worldly-sweep-4,2,IDHPDSAC,0.1,0.001,DSAC-citation/desert-fog-33,exp1_hold,0.8,0.8,0.0,4713.5742119313045,-1.9744796322434583,0.1990260396168477,16.864754100837914,-1.4827612882648897e-05,1.4617435695485652e-05,-0.002001862380612432,0.056417675551917845,-0.04771679639816284,-0.06938856972863819,0,-0.003501426751817778,0.05571839213371277,0.0013913164954946623,-0.002001862380612432,2.797249909202118e-05,0.0009635989406763074,-0.4750166953963385,9950,9950,-2.7284306387311647e-06,0.030378498608468543,1503.3373530239817,3.3868454809921845e-06,8512.357291977629,9950,0.1363347671285919,12.457841157913208,89.20507833390347,-2302.594853796306,0.053647609925732115,0,-0.03710347414016723,{'runtime': 11},0.0013913164954946623,3.0378498608468543,-0.000403570013392641,9950,-0.02461138367652893,-0.019047199236632485,1502.6374233180852,0.21696683764457703,19.90260396168477,1686049209.455522,0.0,-0.009737610816955566,0.0001129729856328394,-0.000403570013392641,-1.7208632965563475e-06,4.2063673787161895e-05,0.1363347671285919,0.0009635989406763074,9950,-0.0004918930353596807,0.0,0.035635043172032504,0.21696683764457703,0.037524942777303845,9.505183741554393e-06,0.003756090969779952,0.035635043172032504,9580,9950,1.0,0.03490658503988659,88.97364162436682,0.03490658503988659,-0.04771679639816284,9950,-6011.801955263112,1.9355836601023175e-06,-0.03710347414016723
42,pious-sweep-3,1,IDHPDSAC,0.1,0.001,DSAC-citation/desert-fog-33,exp1_pseudo_random_sin,0.8,0.8,-0.1866243304896529,5195.730243909074,-1.9235919406427175,0.2544628746278633,21.93052864256667,-0.004626007300322291,0.002506208902748577,-0.21180173224334797,0.05774243888503254,-0.0483221709728241,-0.10554824754800186,0,-0.02495125523687321,0.009758532047271729,-0.003603865603196192,-0.21180173224334797,0.09182922952058518,-0.20743606156353547,-0.044346638253195125,9950,9950,0.009683478543822873,0.03515758820219663,1505.0019716307436,0.0015798620468290357,8865.981710121325,9950,0.1251669087765246,12.292154788970947,89.45344660571173,33.94380673930527,0.05821260192194973,0,-0.053964197635650635,{'runtime': 11},-0.003603865603196192,3.5157588202196632,-0.007143261285226822,9950,-0.027407437562942505,-0.04461901139872645,1488.8286297283348,0.20771923661231995,25.446287462786337,1686049188.9727,-0.1845515065112372,-0.02304220199584961,0.0007579837785446661,-0.007143261285226822,0.10232506009974816,0.010902444418233506,0.1251669087765246,-0.20743606156353547,9950,0.0,0.0,0.004324246529611205,0.20771923661231995,0.057145469967762645,0.002977939086112882,0.0026358265249997966,0.004324246529611205,9580,9950,1.0,0.0,88.86708362722322,0.0,-0.0483221709728241,9950,-5716.521452743378,6.820616738037272e-05,-0.053964197635650635
43,super-sweep-2,1,IDHPDSAC,0.1,0.001,DSAC-citation/desert-fog-33,exp1_fixed_sin,0.8,0.8,-0.02748775933618656,4924.277853444453,-1.9252914327134216,0.27213556077714446,16.70838041801432,-0.0005233861322159714,0.0008638641857068503,-0.04235620825292444,0.053609345282638034,-0.04250049591064453,-0.11066012010249912,0,-0.02599694840038858,-0.01991364359855652,0.001950360156951617,-0.04235620825292444,0.04933041656940637,-0.028152827505270036,0.03173219729142047,9950,9950,0.00033006522973860275,0.10505175659700128,1502.2817768356704,1.6133740984848456e-06,8868.000076722736,9950,0.12366686129895678,12.356306076049805,89.21630833945063,-149.19544861555542,0.05349313448735926,0,-0.043900132179260254,{'runtime': 11},0.001950360156951617,10.505175659700129,-0.0017766290399424485,9950,-0.0252399742603302,-0.027431930215783957,1504.41239119879,0.20274397730827332,27.213556077714447,1686049167.510133,-0.02644481602307201,-0.0011296272277832031,0.00022199969140090163,-0.0017766290399424485,0.053031286157050675,-0.0004634215950714769,0.12366686129895678,-0.028152827505270036,9950,0.0,0.0,-0.03710775893256907,0.20274397730827332,0.08276504108009251,0.00018421129313408148,0.004603722583190777,-0.03710775893256907,9580,9950,1.0,-0.02644481602307201,88.95349409959069,-0.02748775933618656,-0.04250049591064453,9950,-5902.22276350698,0.0003375614649834051,-0.043900132179260254
44,sleek-sweep-1,1,IDHPDSAC,0.1,0.001,DSAC-citation/desert-fog-33,exp1_hold,0.8,0.8,0.0,4713.5742119313045,-1.9744796322434583,0.1990260396168477,14.536709160341664,-0.00011963075683005891,1.4617435695485652e-05,-0.002001862380612432,0.056417675551917845,-0.04771679639816284,-0.06938856972863819,0,-0.004274459248662846,0.058017998933792114,0.0013913164954946623,-0.002001862380612432,2.797249909202118e-05,-0.004773849883037294,-0.5803103703565244,9950,9950,2.0170220518711644e-05,0.05365894801343104,1511.9942137905591,8.312664865446402e-05,8336.024235168254,9950,0.1363347671285919,12.422060012817385,89.19350291196577,-2755.2068963988804,0.053775547675632314,0,-0.03710347414016723,{'runtime': 11},0.0013913164954946623,5.365894801343104,0.0005852555110997395,9950,-0.02491346001625061,-0.019047199236632485,1502.6374233180852,0.21696683764457703,19.90260396168477,1686049145.993859,0.0,-0.01014578342437744,0.0001129729856328394,0.0005852555110997395,4.8958988414353406e-06,4.2063673787161895e-05,0.1363347671285919,-0.004773849883037294,9950,-0.0004239626869093627,-4.196384543320164e-05,0.0370343595362316,0.21696683764457703,0.037524942777303845,1.9990044547606316e-05,0.007202061536263203,0.0370343595362316,9580,9950,1.0,0.03490658503988659,88.97364162436682,0.03490658503988659,-0.04771679639816284,9950,-6011.801955263112,1.6514063627988584e-05,-0.03710347414016723
