,name,agent,lr_a_high,lr_c_high,sac_model,task_train,discount_factor,discount_factor_model,_runtime,sac_nmae,idhp_nmae,_timestamp,nmae_improvement,_step,_wandb
0,grateful-sweep-200,IDHPDSAC,0.8,0.001,DSAC-citation/desert-fog-33,exp1_pseudo_random_sin,0.4,0.99,6.230828762054443,25.688384263139756,272.29491953309247,1685824126.598066,-246.6065352699527,0,{'runtime': 5}
1,fluent-sweep-199,IDHPDSAC,0.8,0.001,DSAC-citation/vague-hill-35,exp1_pseudo_random_sin,0.4,0.4,6.239887237548828,25.82480636811087,6.460180509501264,1685824109.3851771,19.364625858609607,0,{'runtime': 5}
2,quiet-sweep-198,IDHPDSAC,0.8,0.001,DSAC-citation/vague-hill-35,exp1_pseudo_random_sin,0.99,0.99,5.090238094329834,25.82480636811087,NaN,1685824092.192408,NaN,0,{'runtime': 4}
3,solar-sweep-197,IDHPDSAC,0.8,0.001,DSAC-citation/vague-hill-35,exp1_pseudo_random_sin,0.2,0.9,6.2585742473602295,25.82480636811087,7.165741143624893,1685824078.4747782,18.65906522448598,0,{'runtime': 5}
4,brisk-sweep-196,IDHPDSAC,0.8,0.001,DSAC-citation/desert-fog-33,exp1_pseudo_random_sin,0.7,0.1,3.3655149936676025,25.688384263139756,10000000000,1685824064.621595,-9999999974.311617,0,{'runtime': 2}
5,desert-sweep-195,IDHPDSAC,0.8,0.001,DSAC-citation/desert-fog-33,exp1_pseudo_random_sin,0.2,0.4,6.098776817321777,25.688384263139756,5.636980226511736,1685824051.3446898,20.05140403662802,0,{'runtime': 5}
6,winter-sweep-194,IDHPDSAC,0.8,0.001,DSAC-citation/smart-durian-34,exp1_pseudo_random_sin,0.3,0.4,6.327214956283569,6.044273037905692,11.129830658266316,1685824035.620798,-5.085557620360624,0,{'runtime': 5}
7,deft-sweep-193,IDHPDSAC,0.8,0.001,DSAC-citation/vague-hill-35,exp1_pseudo_random_sin,0.1,0.6,6.216118097305298,25.82480636811087,4.247859185272473,1685824019.582412,21.576947182838396,0,{'runtime': 5}
8,unique-sweep-192,IDHPDSAC,0.8,0.001,DSAC-citation/desert-fog-33,exp1_pseudo_random_sin,0.9,0.8,6.108581066131592,25.688384263139756,NaN,1685824004.391236,NaN,0,{'runtime': 5}
9,daily-sweep-191,IDHPDSAC,0.8,0.001,DSAC-citation/desert-fog-33,exp1_pseudo_random_sin,0.5,0.99,4.337063789367676,25.688384263139756,NaN,1685823991.6397529,NaN,0,{'runtime': 3}
10,misty-sweep-190,IDHPDSAC,0.8,0.001,DSAC-citation/vague-hill-35,exp1_pseudo_random_sin,0.3,0.99,4.8716371059417725,25.82480636811087,NaN,1685823976.2215302,NaN,0,{'runtime': 4}
11,denim-sweep-189,IDHPDSAC,0.8,0.001,DSAC-citation/desert-fog-33,exp1_pseudo_random_sin,0.8,0.5,6.179764986038208,25.688384263139756,3.66854810038266,1685823961.623717,22.019836162757095,0,{'runtime': 5}
12,revived-sweep-188,IDHPDSAC,0.8,0.001,DSAC-citation/desert-fog-33,exp1_pseudo_random_sin,0.9,0.4,6.1422600746154785,25.688384263139756,39.24572710726966,1685823946.633971,-13.557342844129902,0,{'runtime': 5}
13,snowy-sweep-187,IDHPDSAC,0.8,0.001,DSAC-citation/vague-hill-35,exp1_pseudo_random_sin,0.6,0.99,6.273523807525635,25.82480636811087,218.33415672118713,1685823930.8882408,-192.50935035307623,0,{'runtime': 5}
14,usual-sweep-186,IDHPDSAC,0.8,0.001,DSAC-citation/smart-durian-34,exp1_pseudo_random_sin,0.3,0.4,6.181657075881958,6.044273037905692,7.916195054121171,1685823914.739161,-1.8719220162154784,0,{'runtime': 5}
15,tough-sweep-185,IDHPDSAC,0.8,0.001,DSAC-citation/desert-fog-33,exp1_pseudo_random_sin,0.8,0.5,6.179539918899536,25.688384263139756,3.7833148367279295,1685823898.8330529,21.905069426411828,0,{'runtime': 5}
16,winter-sweep-184,IDHPDSAC,0.8,0.001,DSAC-citation/desert-fog-33,exp1_pseudo_random_sin,0.4,0.6,6.284914970397949,25.688384263139756,2.3277111110146476,1685823882.970772,23.36067315212511,0,{'runtime': 5}
17,easy-sweep-183,IDHPDSAC,0.8,0.001,DSAC-citation/smart-durian-34,exp1_pseudo_random_sin,0.5,0.6,6.2039477825164795,6.044273037905692,12.220842105706971,1685823868.057083,-6.176569067801281,0,{'runtime': 5}
18,kind-sweep-182,IDHPDSAC,0.8,0.001,DSAC-citation/smart-durian-34,exp1_pseudo_random_sin,0.99,0.99,5.078498125076294,6.044273037905692,NaN,1685823851.057635,NaN,0,{'runtime': 4}
19,sleek-sweep-181,IDHPDSAC,0.8,0.001,DSAC-citation/desert-fog-33,exp1_pseudo_random_sin,0.4,0.6,6.173511981964111,25.688384263139756,2.6805138461737874,1685823835.862633,23.007870416965968,0,{'runtime': 5}
20,exalted-sweep-180,IDHPDSAC,0.8,0.001,DSAC-citation/vague-hill-35,exp1_pseudo_random_sin,0.2,0.8,6.318968057632446,25.82480636811087,4.4281782134554435,1685823820.128206,21.396628154655428,0,{'runtime': 5}
21,crisp-sweep-179,IDHPDSAC,0.8,0.001,DSAC-citation/vague-hill-35,exp1_pseudo_random_sin,0.5,0.7,6.475101947784424,25.82480636811087,3.225447668322898,1685823805.046259,22.599358699787977,0,{'runtime': 5}
22,grateful-sweep-178,IDHPDSAC,0.8,0.001,DSAC-citation/smart-durian-34,exp1_pseudo_random_sin,0.7,0.8,6.219560146331787,6.044273037905692,5.289536482563269,1685823788.764912,0.754736555342423,0,{'runtime': 5}
23,azure-sweep-177,IDHPDSAC,0.8,0.001,DSAC-citation/vague-hill-35,exp1_pseudo_random_sin,0.99,0.6,6.1849610805511475,25.82480636811087,5.5102297871703865,1685823772.595423,20.31457658094048,0,{'runtime': 5}
24,dandy-sweep-176,IDHPDSAC,0.8,0.001,DSAC-citation/desert-fog-33,exp1_pseudo_random_sin,0.1,0.1,3.3909831047058105,25.688384263139756,10000000000,1685823759.927804,-9999999974.311617,0,{'runtime': 2}
25,iconic-sweep-175,IDHPDSAC,0.8,0.001,DSAC-citation/vague-hill-35,exp1_pseudo_random_sin,0.3,0.6,6.558743000030518,25.82480636811087,4.042426926275184,1685823747.251755,21.782379441835687,0,{'runtime': 6}
26,kind-sweep-174,IDHPDSAC,0.8,0.001,DSAC-citation/smart-durian-34,exp1_pseudo_random_sin,0.7,0.6,6.369746923446655,6.044273037905692,9.77054363109795,1685823730.924072,-3.7262705931922584,0,{'runtime': 5}
27,sweepy-sweep-173,IDHPDSAC,0.8,0.001,DSAC-citation/smart-durian-34,exp1_pseudo_random_sin,0.8,0.99,6.636752128601074,6.044273037905692,228.8563145301192,1685823715.276278,-222.81204149221352,0,{'runtime': 6}
28,drawn-sweep-172,IDHPDSAC,0.8,0.001,DSAC-citation/desert-fog-33,exp1_pseudo_random_sin,0.9,0.1,6.652077913284302,25.688384263139756,70.7766032608648,1685823699.49062,-45.08821899772505,0,{'runtime': 6}
29,balmy-sweep-171,IDHPDSAC,0.8,0.001,DSAC-citation/smart-durian-34,exp1_pseudo_random_sin,0.99,0.2,6.621912002563477,6.044273037905692,3.890606538592092,1685823683.841058,2.1536664993136,0,{'runtime': 5}
30,treasured-sweep-170,IDHPDSAC,0.8,0.001,DSAC-citation/desert-fog-33,exp1_pseudo_random_sin,0.9,0.3,6.462234020233154,25.688384263139756,9.148569702561856,1685823667.479668,16.539814560577902,0,{'runtime': 5}
31,colorful-sweep-169,IDHPDSAC,0.8,0.001,DSAC-citation/smart-durian-34,exp1_pseudo_random_sin,0.1,0.8,6.282167911529541,6.044273037905692,5.55842413194649,1685823652.297083,0.4858489059592026,0,{'runtime': 5}
32,comfy-sweep-168,IDHPDSAC,0.8,0.001,DSAC-citation/vague-hill-35,exp1_pseudo_random_sin,0.99,0.5,6.385123014450073,25.82480636811087,5.009203622752908,1685823636.376359,20.815602745357964,0,{'runtime': 5}
33,jolly-sweep-167,IDHPDSAC,0.8,0.001,DSAC-citation/smart-durian-34,exp1_pseudo_random_sin,0.5,0.9,6.390711069107056,6.044273037905692,8.424797696770044,1685823619.851721,-2.380524658864352,0,{'runtime': 5}
34,generous-sweep-166,IDHPDSAC,0.8,0.001,DSAC-citation/desert-fog-33,exp1_pseudo_random_sin,0.9,0.7,6.228136777877808,25.688384263139756,8.317059996206268,1685823604.123762,17.371324266933488,0,{'runtime': 5}
35,wobbly-sweep-165,IDHPDSAC,0.8,0.001,DSAC-citation/smart-durian-34,exp1_pseudo_random_sin,0.9,0.6,6.328480005264282,6.044273037905692,9.643528537908512,1685823587.756024,-3.59925550000282,0,{'runtime': 5}
36,scarlet-sweep-164,IDHPDSAC,0.8,0.001,DSAC-citation/vague-hill-35,exp1_pseudo_random_sin,0.8,0.9,6.2616798877716064,25.82480636811087,6.949051860116613,1685823571.725823,18.87575450799426,0,{'runtime': 5}
37,legendary-sweep-163,IDHPDSAC,0.8,0.001,DSAC-citation/desert-fog-33,exp1_pseudo_random_sin,0.9,0.7,6.14766001701355,25.688384263139756,19.65430854047279,1685823556.59702,6.034075722666962,0,{'runtime': 5}
38,serene-sweep-162,IDHPDSAC,0.8,0.001,DSAC-citation/vague-hill-35,exp1_pseudo_random_sin,0.5,0.4,6.213541030883789,25.82480636811087,4.6627833419587095,1685823540.150559,21.162023026152163,0,{'runtime': 5}
39,silvery-sweep-161,IDHPDSAC,0.8,0.001,DSAC-citation/smart-durian-34,exp1_pseudo_random_sin,0.6,0.8,6.203261852264404,6.044273037905692,6.407500566886326,1685823525.127148,-0.3632275289806337,0,{'runtime': 5}
40,gallant-sweep-160,IDHPDSAC,0.8,0.001,DSAC-citation/desert-fog-33,exp1_pseudo_random_sin,0.2,0.1,3.486334800720215,25.688384263139756,10000000000,1685823511.3764548,-9999999974.311617,0,{'runtime': 2}
41,stoic-sweep-159,IDHPDSAC,0.8,0.001,DSAC-citation/vague-hill-35,exp1_pseudo_random_sin,0.2,0.6,6.221972942352295,25.82480636811087,4.07232027848751,1685823498.102751,21.75248608962336,0,{'runtime': 5}
42,treasured-sweep-158,IDHPDSAC,0.8,0.001,DSAC-citation/smart-durian-34,exp1_pseudo_random_sin,0.3,0.5,6.2534589767456055,6.044273037905692,6.883510042596451,1685823481.997117,-0.8392370046907587,0,{'runtime': 5}
43,visionary-sweep-157,IDHPDSAC,0.8,0.001,DSAC-citation/smart-durian-34,exp1_pseudo_random_sin,0.7,0.2,6.270319938659668,6.044273037905692,6.294914453756988,1685823467.083008,-0.2506414158512955,0,{'runtime': 5}
44,iconic-sweep-156,IDHPDSAC,0.8,0.001,DSAC-citation/vague-hill-35,exp1_pseudo_random_sin,0.5,0.6,6.151109933853149,25.82480636811087,4.044049674129518,1685823450.915339,21.780756693981353,0,{'runtime': 5}
45,leafy-sweep-155,IDHPDSAC,0.8,0.001,DSAC-citation/vague-hill-35,exp1_pseudo_random_sin,0.3,0.5,6.436838865280151,25.82480636811087,4.027915903290735,1685823435.0380569,21.796890464820137,0,{'runtime': 5}
46,polished-sweep-154,IDHPDSAC,0.8,0.001,DSAC-citation/smart-durian-34,exp1_pseudo_random_sin,0.5,0.4,6.315167188644409,6.044273037905692,27.196120816183093,1685823418.887535,-21.1518477782774,0,{'runtime': 5}
47,cool-sweep-153,IDHPDSAC,0.8,0.001,DSAC-citation/vague-hill-35,exp1_pseudo_random_sin,0.9,0.6,7.027703046798706,25.82480636811087,3.160979009349246,1685823404.229272,22.663827358761623,0,{'runtime': 5}
48,trim-sweep-152,IDHPDSAC,0.8,0.001,DSAC-citation/desert-fog-33,exp1_pseudo_random_sin,0.7,0.2,6.28789496421814,25.688384263139756,3.717471245892453,1685823387.515651,21.970913017247305,0,{'runtime': 5}
49,lemon-sweep-151,IDHPDSAC,0.8,0.001,DSAC-citation/vague-hill-35,exp1_pseudo_random_sin,0.99,0.4,6.282522201538086,25.82480636811087,2.97681729606965,1685823371.335086,22.84798907204122,0,{'runtime': 5}
50,celestial-sweep-150,IDHPDSAC,0.8,0.001,DSAC-citation/smart-durian-34,exp1_pseudo_random_sin,0.1,0.9,6.291348934173584,6.044273037905692,5.362639637155139,1685823356.425667,0.6816334007505533,0,{'runtime': 5}
51,dry-sweep-149,IDHPDSAC,0.8,0.001,DSAC-citation/vague-hill-35,exp1_pseudo_random_sin,0.99,0.9,6.2687108516693115,25.82480636811087,9.843311478865628,1685823340.130098,15.981494889245242,0,{'runtime': 5}
52,expert-sweep-148,IDHPDSAC,0.8,0.001,DSAC-citation/vague-hill-35,exp1_pseudo_random_sin,0.3,0.3,6.578195095062256,25.82480636811087,4.434695036558836,1685823324.894699,21.390111331552035,0,{'runtime': 5}
53,upbeat-sweep-147,IDHPDSAC,0.8,0.001,DSAC-citation/vague-hill-35,exp1_pseudo_random_sin,0.3,0.5,6.22459602355957,25.82480636811087,4.373030639557939,1685823309.071479,21.45177572855293,0,{'runtime': 5}
54,desert-sweep-146,IDHPDSAC,0.8,0.001,DSAC-citation/vague-hill-35,exp1_pseudo_random_sin,0.7,0.5,6.719686031341553,25.82480636811087,3.4013680216300197,1685823293.286634,22.42343834648085,0,{'runtime': 5}
55,dry-sweep-145,IDHPDSAC,0.8,0.001,DSAC-citation/vague-hill-35,exp1_pseudo_random_sin,0.3,0.5,6.254805088043213,25.82480636811087,4.674486269256193,1685823276.70143,21.15032009885468,0,{'runtime': 5}
56,divine-sweep-144,IDHPDSAC,0.8,0.001,DSAC-citation/smart-durian-34,exp1_pseudo_random_sin,0.4,0.1,2.771084785461426,6.044273037905692,10000000000,1685823262.1823,-9999999993.955729,0,{'runtime': 2}
57,fresh-sweep-143,IDHPDSAC,0.8,0.001,DSAC-citation/desert-fog-33,exp1_pseudo_random_sin,0.3,0.3,6.188086986541748,25.688384263139756,6.290390578664693,1685823250.492061,19.39799368447506,0,{'runtime': 5}
58,snowy-sweep-142,IDHPDSAC,0.8,0.001,DSAC-citation/smart-durian-34,exp1_pseudo_random_sin,0.6,0.1,3.93186616897583,6.044273037905692,10000000000,1685823237.1216562,-9999999993.955729,0,{'runtime': 3}
59,lucky-sweep-141,IDHPDSAC,0.8,0.001,DSAC-citation/smart-durian-34,exp1_pseudo_random_sin,0.6,0.5,6.439628839492798,6.044273037905692,49.384046603079106,1685823223.127271,-43.33977356517342,0,{'runtime': 5}
60,amber-sweep-140,IDHPDSAC,0.8,0.001,DSAC-citation/desert-fog-33,exp1_pseudo_random_sin,0.7,0.3,6.12518310546875,25.688384263139756,4.1773345604199905,1685823201.5068722,21.511049702719767,0,{'runtime': 5}
61,dazzling-sweep-139,IDHPDSAC,0.8,0.001,DSAC-citation/smart-durian-34,exp1_pseudo_random_sin,0.5,0.3,6.743759870529175,6.044273037905692,7.652927095912519,1685823177.053681,-1.6086540580068265,0,{'runtime': 5}
62,dashing-sweep-138,IDHPDSAC,0.8,0.001,DSAC-citation/vague-hill-35,exp1_pseudo_random_sin,0.3,0.7,7.138606071472168,25.82480636811087,3.092771815128803,1685823161.5125902,22.732034552982068,0,{'runtime': 5}
63,zany-sweep-137,IDHPDSAC,0.8,0.001,DSAC-citation/desert-fog-33,exp1_pseudo_random_sin,0.4,0.4,6.3409600257873535,25.688384263139756,12.349922652815366,1685823144.739514,13.33846161032439,0,{'runtime': 5}
64,lyric-sweep-136,IDHPDSAC,0.8,0.001,DSAC-citation/vague-hill-35,exp1_pseudo_random_sin,0.6,0.5,6.463587045669556,25.82480636811087,4.840981424260105,1685823128.583879,20.983824943850767,0,{'runtime': 5}
65,worldly-sweep-135,IDHPDSAC,0.8,0.001,DSAC-citation/vague-hill-35,exp1_pseudo_random_sin,0.2,0.9,6.128443241119385,25.82480636811087,8.638035122272813,1685823112.2930171,17.18677124583806,0,{'runtime': 5}
66,driven-sweep-134,IDHPDSAC,0.8,0.001,DSAC-citation/smart-durian-34,exp1_pseudo_random_sin,0.1,0.4,6.084204912185669,6.044273037905692,8.92559846164473,1685823097.222872,-2.881325423739038,0,{'runtime': 5}
67,serene-sweep-133,IDHPDSAC,0.8,0.001,DSAC-citation/vague-hill-35,exp1_pseudo_random_sin,0.5,0.2,6.305392026901245,25.82480636811087,2.4717935720018813,1685823081.563068,23.353012796108988,0,{'runtime': 5}
68,feasible-sweep-132,IDHPDSAC,0.8,0.001,DSAC-citation/desert-fog-33,exp1_pseudo_random_sin,0.3,0.4,6.167815208435059,25.688384263139756,4.748562714379312,1685823065.2805371,20.939821548760445,0,{'runtime': 5}
69,cool-sweep-131,IDHPDSAC,0.8,0.001,DSAC-citation/smart-durian-34,exp1_pseudo_random_sin,0.7,0.4,6.236973762512207,6.044273037905692,7.3305763820692,1685823049.2976818,-1.2863033441635077,0,{'runtime': 5}
70,revived-sweep-130,IDHPDSAC,0.8,0.001,DSAC-citation/vague-hill-35,exp1_pseudo_random_sin,0.7,0.5,6.251389026641846,25.82480636811087,9.429333757189893,1685823034.157315,16.395472610920976,0,{'runtime': 5}
71,eager-sweep-129,IDHPDSAC,0.8,0.001,DSAC-citation/desert-fog-33,exp1_pseudo_random_sin,0.7,0.8,6.26535177230835,25.688384263139756,5.8784752274615695,1685823018.2472498,19.80990903567819,0,{'runtime': 5}
72,clean-sweep-128,IDHPDSAC,0.8,0.001,DSAC-citation/desert-fog-33,exp1_pseudo_random_sin,0.4,0.2,6.507454872131348,25.688384263139756,3.370666639395601,1685823002.211989,22.317717623744155,0,{'runtime': 5}
73,dutiful-sweep-127,IDHPDSAC,0.8,0.001,DSAC-citation/desert-fog-33,exp1_pseudo_random_sin,0.1,0.7,6.1741039752960205,25.688384263139756,3.510929711609554,1685822985.880232,22.177454551530204,0,{'runtime': 5}
74,swept-sweep-126,IDHPDSAC,0.8,0.001,DSAC-citation/desert-fog-33,exp1_pseudo_random_sin,0.1,0.8,6.181737899780273,25.688384263139756,7.088313701524942,1685822970.8178408,18.600070561614817,0,{'runtime': 5}
75,zesty-sweep-125,IDHPDSAC,0.8,0.001,DSAC-citation/desert-fog-33,exp1_pseudo_random_sin,0.6,0.3,6.474216938018799,25.688384263139756,33.63853901215906,1685822954.585511,-7.950154749019301,0,{'runtime': 5}
76,radiant-sweep-124,IDHPDSAC,0.8,0.001,DSAC-citation/smart-durian-34,exp1_pseudo_random_sin,0.2,0.2,6.226638078689575,6.044273037905692,8.2746522366641,1685822938.27536,-2.230379198758407,0,{'runtime': 5}
77,devout-sweep-123,IDHPDSAC,0.8,0.001,DSAC-citation/vague-hill-35,exp1_pseudo_random_sin,0.9,0.99,6.199754238128662,25.82480636811087,291.4360089937098,1685822922.2255712,-265.61120262559893,0,{'runtime': 5}
78,peachy-sweep-122,IDHPDSAC,0.8,0.001,DSAC-citation/vague-hill-35,exp1_pseudo_random_sin,0.6,0.3,6.326904058456421,25.82480636811087,2.9736861151307203,1685822907.228256,22.85112025298015,0,{'runtime': 5}
79,fanciful-sweep-121,IDHPDSAC,0.8,0.001,DSAC-citation/desert-fog-33,exp1_pseudo_random_sin,0.3,0.9,6.20720100402832,25.688384263139756,5.40360682309787,1685822891.154387,20.28477744004189,0,{'runtime': 5}
80,wise-sweep-120,IDHPDSAC,0.8,0.001,DSAC-citation/desert-fog-33,exp1_pseudo_random_sin,0.99,0.5,6.177078008651733,25.688384263139756,3.5258097586353885,1685822875.194405,22.162574504504367,0,{'runtime': 5}
81,prime-sweep-119,IDHPDSAC,0.8,0.001,DSAC-citation/desert-fog-33,exp1_pseudo_random_sin,0.8,0.3,6.215193033218384,25.688384263139756,6.499212183545189,1685822859.327204,19.189172079594567,0,{'runtime': 5}
82,warm-sweep-118,IDHPDSAC,0.8,0.001,DSAC-citation/desert-fog-33,exp1_pseudo_random_sin,0.5,0.6,6.205473184585571,25.688384263139756,2.4101660617647247,1685822844.050177,23.278218201375033,0,{'runtime': 5}
83,hardy-sweep-117,IDHPDSAC,0.8,0.001,DSAC-citation/desert-fog-33,exp1_pseudo_random_sin,0.99,0.2,6.261116981506348,25.688384263139756,2.971953353584818,1685822828.150975,22.716430909554937,0,{'runtime': 5}
84,firm-sweep-116,IDHPDSAC,0.8,0.001,DSAC-citation/vague-hill-35,exp1_pseudo_random_sin,0.9,0.9,6.259624004364014,25.82480636811087,13.445422899288197,1685822812.044217,12.379383468822676,0,{'runtime': 5}
85,cool-sweep-115,IDHPDSAC,0.8,0.001,DSAC-citation/smart-durian-34,exp1_pseudo_random_sin,0.9,0.4,6.267818927764893,6.044273037905692,8.708962344035372,1685822796.617195,-2.66468930612968,0,{'runtime': 5}
86,dazzling-sweep-114,IDHPDSAC,0.8,0.001,DSAC-citation/smart-durian-34,exp1_pseudo_random_sin,0.1,0.7,6.200085163116455,6.044273037905692,8.964000825230306,1685822780.5659342,-2.9197277873246135,0,{'runtime': 5}
87,zany-sweep-113,IDHPDSAC,0.8,0.001,DSAC-citation/vague-hill-35,exp1_pseudo_random_sin,0.9,0.7,6.181365013122559,25.82480636811087,2.8602505734013017,1685822764.455672,22.964555794709568,0,{'runtime': 5}
88,vocal-sweep-112,IDHPDSAC,0.8,0.001,DSAC-citation/smart-durian-34,exp1_pseudo_random_sin,0.4,0.6,6.215449810028076,6.044273037905692,12.97595786155016,1685822749.511072,-6.931684823644468,0,{'runtime': 5}
89,polished-sweep-111,IDHPDSAC,0.8,0.001,DSAC-citation/smart-durian-34,exp1_pseudo_random_sin,0.5,0.6,6.232850074768066,6.044273037905692,8.446562384405656,1685822733.566654,-2.4022893464999635,0,{'runtime': 5}
90,pleasant-sweep-110,IDHPDSAC,0.8,0.001,DSAC-citation/smart-durian-34,exp1_pseudo_random_sin,0.7,0.99,6.173598051071167,6.044273037905692,233.31172711420143,1685822717.500384,-227.26745407629576,0,{'runtime': 5}
91,denim-sweep-109,IDHPDSAC,0.8,0.001,DSAC-citation/smart-durian-34,exp1_pseudo_random_sin,0.9,0.2,6.327341794967651,6.044273037905692,6.560932101551869,1685822700.629727,-0.516659063646177,0,{'runtime': 5}
92,autumn-sweep-108,IDHPDSAC,0.8,0.001,DSAC-citation/vague-hill-35,exp1_pseudo_random_sin,0.99,0.1,2.410965919494629,25.82480636811087,10000000000,1685822677.057755,-9999999974.175194,0,{'runtime': 1}
93,light-sweep-107,IDHPDSAC,0.8,0.001,DSAC-citation/smart-durian-34,exp1_pseudo_random_sin,0.8,0.9,6.221620082855225,6.044273037905692,5.575136905461351,1685822664.876575,0.4691361324443415,0,{'runtime': 5}
94,sunny-sweep-106,IDHPDSAC,0.8,0.001,DSAC-citation/desert-fog-33,exp1_pseudo_random_sin,0.4,0.7,6.161424875259399,25.688384263139756,3.7360971139625656,1685822648.773299,21.95228714917719,0,{'runtime': 5}
95,pretty-sweep-105,IDHPDSAC,0.8,0.001,DSAC-citation/vague-hill-35,exp1_pseudo_random_sin,0.3,0.2,6.282001972198486,25.82480636811087,5.423353441524364,1685822632.92429,20.401452926586508,0,{'runtime': 5}
96,usual-sweep-104,IDHPDSAC,0.8,0.001,DSAC-citation/vague-hill-35,exp1_pseudo_random_sin,0.4,0.99,6.521533012390137,25.82480636811087,234.59620932614817,1685822618.096937,-208.77140295803727,0,{'runtime': 5}
97,cool-sweep-103,IDHPDSAC,0.8,0.001,DSAC-citation/desert-fog-33,exp1_pseudo_random_sin,0.1,0.6,6.219331979751587,25.688384263139756,2.5889367945743924,1685822601.771895,23.09944746856537,0,{'runtime': 5}
98,woven-sweep-102,IDHPDSAC,0.8,0.001,DSAC-citation/desert-fog-33,exp1_pseudo_random_sin,0.6,0.5,6.176145076751709,25.688384263139756,3.387497675837947,1685822585.667367,22.30088658730181,0,{'runtime': 5}
99,morning-sweep-101,IDHPDSAC,0.8,0.001,DSAC-citation/smart-durian-34,exp1_pseudo_random_sin,0.4,0.2,6.188466787338257,6.044273037905692,7.757564906590857,1685822569.642974,-1.7132918686851646,0,{'runtime': 5}
100,swept-sweep-100,IDHPDSAC,0.8,0.001,DSAC-citation/desert-fog-33,exp1_pseudo_random_sin,0.1,0.5,6.112930059432983,25.688384263139756,3.5149786662362557,1685822554.631773,22.1734055969035,0,{'runtime': 5}
101,warm-sweep-99,IDHPDSAC,0.8,0.001,DSAC-citation/vague-hill-35,exp1_pseudo_random_sin,0.6,0.8,6.264925003051758,25.82480636811087,5.836529640589624,1685822538.638914,19.98827672752125,0,{'runtime': 5}
102,frosty-sweep-98,IDHPDSAC,0.8,0.001,DSAC-citation/desert-fog-33,exp1_pseudo_random_sin,0.4,0.2,6.195013046264648,25.688384263139756,4.640229788924058,1685822522.546755,21.0481544742157,0,{'runtime': 5}
103,vivid-sweep-97,IDHPDSAC,0.8,0.001,DSAC-citation/desert-fog-33,exp1_pseudo_random_sin,0.99,0.4,6.166125059127808,25.688384263139756,5.274041432839457,1685822506.445776,20.4143428303003,0,{'runtime': 5}
104,exalted-sweep-96,IDHPDSAC,0.8,0.001,DSAC-citation/desert-fog-33,exp1_pseudo_random_sin,0.5,0.99,6.166104078292847,25.688384263139756,195.71426606155325,1685822491.482976,-170.02588179841348,0,{'runtime': 5}
105,deft-sweep-95,IDHPDSAC,0.8,0.001,DSAC-citation/desert-fog-33,exp1_pseudo_random_sin,0.9,0.8,6.197624921798706,25.688384263139756,5.855969283861253,1685822475.518595,19.832414979278504,0,{'runtime': 5}
106,blooming-sweep-94,IDHPDSAC,0.8,0.001,DSAC-citation/desert-fog-33,exp1_pseudo_random_sin,0.2,0.8,6.319446086883545,25.688384263139756,5.181818209056952,1685822459.660377,20.506566054082803,0,{'runtime': 5}
107,solar-sweep-93,IDHPDSAC,0.8,0.001,DSAC-citation/vague-hill-35,exp1_pseudo_random_sin,0.9,0.7,6.2721381187438965,25.82480636811087,3.1529890755576746,1685822443.768857,22.671817292553197,0,{'runtime': 5}
108,fast-sweep-92,IDHPDSAC,0.8,0.001,DSAC-citation/desert-fog-33,exp1_pseudo_random_sin,0.1,0.2,6.19200587272644,25.688384263139756,3.783702319892048,1685822427.765339,21.90468194324771,0,{'runtime': 5}
109,wise-sweep-91,IDHPDSAC,0.8,0.001,DSAC-citation/desert-fog-33,exp1_pseudo_random_sin,0.8,0.4,6.465775966644287,25.688384263139756,4.090425411686952,1685822413.210596,21.597958851452805,0,{'runtime': 5}
110,clear-sweep-90,IDHPDSAC,0.8,0.001,DSAC-citation/desert-fog-33,exp1_pseudo_random_sin,0.99,0.2,6.300025224685669,25.688384263139756,4.599197383164095,1685822397.072693,21.08918687997566,0,{'runtime': 5}
111,solar-sweep-89,IDHPDSAC,0.8,0.001,DSAC-citation/vague-hill-35,exp1_pseudo_random_sin,0.2,0.1,2.822895050048828,25.82480636811087,10000000000,1685822382.760051,-9999999974.175194,0,{'runtime': 2}
112,earthy-sweep-88,IDHPDSAC,0.8,0.001,DSAC-citation/smart-durian-34,exp1_pseudo_random_sin,0.99,0.4,6.5866382122039795,6.044273037905692,4.6562224417785645,1685822370.536214,1.388050596127128,0,{'runtime': 6}
113,mild-sweep-87,IDHPDSAC,0.8,0.001,DSAC-citation/smart-durian-34,exp1_pseudo_random_sin,0.7,0.6,6.170630931854248,6.044273037905692,9.77054363109795,1685822354.127136,-3.7262705931922584,0,{'runtime': 5}
114,visionary-sweep-86,IDHPDSAC,0.8,0.001,DSAC-citation/desert-fog-33,exp1_pseudo_random_sin,0.4,0.5,6.2837700843811035,25.688384263139756,5.191652048338979,1685822339.401171,20.496732214800776,0,{'runtime': 5}
115,sleek-sweep-85,IDHPDSAC,0.8,0.001,DSAC-citation/smart-durian-34,exp1_pseudo_random_sin,0.2,0.4,6.335362195968628,6.044273037905692,10.035430689868823,1685822323.481187,-3.9911576519631327,0,{'runtime': 5}
116,resilient-sweep-84,IDHPDSAC,0.8,0.001,DSAC-citation/vague-hill-35,exp1_pseudo_random_sin,0.6,0.7,6.338106870651245,25.82480636811087,2.7173508793421814,1685822307.583135,23.10745548876869,0,{'runtime': 5}
117,glamorous-sweep-83,IDHPDSAC,0.8,0.001,DSAC-citation/vague-hill-35,exp1_pseudo_random_sin,0.6,0.7,6.312259912490845,25.82480636811087,3.68361655879079,1685822291.633054,22.14118980932008,0,{'runtime': 5}
118,different-sweep-82,IDHPDSAC,0.8,0.001,DSAC-citation/smart-durian-34,exp1_pseudo_random_sin,0.9,0.8,6.422229051589966,6.044273037905692,6.402075517133941,1685822276.609378,-0.3578024792282486,0,{'runtime': 5}
119,gentle-sweep-81,IDHPDSAC,0.8,0.001,DSAC-citation/smart-durian-34,exp1_pseudo_random_sin,0.7,0.6,6.363497734069824,6.044273037905692,12.036326321951966,1685822260.61383,-5.992053284046274,0,{'runtime': 5}
120,misunderstood-sweep-80,IDHPDSAC,0.8,0.001,DSAC-citation/smart-durian-34,exp1_pseudo_random_sin,0.9,0.8,6.371009111404419,6.044273037905692,4.053738311181994,1685822244.696613,1.9905347267236984,0,{'runtime': 5}
121,charmed-sweep-79,IDHPDSAC,0.8,0.001,DSAC-citation/desert-fog-33,exp1_pseudo_random_sin,0.3,0.1,3.4121828079223633,25.688384263139756,10000000000,1685822230.7817118,-9999999974.311617,0,{'runtime': 2}
122,playful-sweep-78,IDHPDSAC,0.8,0.001,DSAC-citation/vague-hill-35,exp1_pseudo_random_sin,0.6,0.99,6.555506944656372,25.82480636811087,286.2354085149223,1685822218.828587,-260.41060214681147,0,{'runtime': 6}
123,upbeat-sweep-77,IDHPDSAC,0.8,0.001,DSAC-citation/vague-hill-35,exp1_pseudo_random_sin,0.1,0.5,7.559753894805908,25.82480636811087,3.904912347394698,1685822203.884487,21.91989402071617,0,{'runtime': 5}
124,worthy-sweep-76,IDHPDSAC,0.8,0.001,DSAC-citation/desert-fog-33,exp1_pseudo_random_sin,0.9,0.3,5.633693218231201,25.688384263139756,10000000000,1685822185.5394711,-9999999974.311617,0,{'runtime': 5}
125,fast-sweep-75,IDHPDSAC,0.8,0.001,DSAC-citation/smart-durian-34,exp1_pseudo_random_sin,0.4,0.1,3.5309810638427734,6.044273037905692,10000000000,1685822173.477041,-9999999993.955729,0,{'runtime': 3}
126,gallant-sweep-74,IDHPDSAC,0.8,0.001,DSAC-citation/vague-hill-35,exp1_pseudo_random_sin,0.6,0.5,6.2847161293029785,25.82480636811087,3.04247723048281,1685822160.341299,22.78232913762806,0,{'runtime': 5}
127,giddy-sweep-73,IDHPDSAC,0.8,0.001,DSAC-citation/vague-hill-35,exp1_pseudo_random_sin,0.99,0.2,6.294777870178223,25.82480636811087,3.685476903493576,1685822144.421557,22.139329464617298,0,{'runtime': 5}
128,chocolate-sweep-72,IDHPDSAC,0.8,0.001,DSAC-citation/smart-durian-34,exp1_pseudo_random_sin,0.1,0.2,6.354345321655273,6.044273037905692,9.213426638040024,1685822128.7207522,-3.1691536001343303,0,{'runtime': 5}
129,leafy-sweep-71,IDHPDSAC,0.8,0.001,DSAC-citation/vague-hill-35,exp1_pseudo_random_sin,0.1,0.8,6.362349271774292,25.82480636811087,4.268713903707954,1685822112.8045802,21.556092464402916,0,{'runtime': 5}
130,olive-sweep-70,IDHPDSAC,0.8,0.001,DSAC-citation/desert-fog-33,exp1_pseudo_random_sin,0.99,0.5,6.221033811569214,25.688384263139756,3.2254944142796727,1685822097.4249358,22.462889848860083,0,{'runtime': 5}
131,lucky-sweep-69,IDHPDSAC,0.8,0.001,DSAC-citation/vague-hill-35,exp1_pseudo_random_sin,0.4,0.9,6.245816946029663,25.82480636811087,10.00126837284661,1685822081.474114,15.82353799526426,0,{'runtime': 5}
132,scarlet-sweep-68,IDHPDSAC,0.8,0.001,DSAC-citation/smart-durian-34,exp1_pseudo_random_sin,0.1,0.99,6.251126050949097,6.044273037905692,273.9103420860609,1685822065.279784,-267.8660690481552,0,{'runtime': 5}
133,stellar-sweep-67,IDHPDSAC,0.8,0.001,DSAC-citation/vague-hill-35,exp1_pseudo_random_sin,0.4,0.3,6.230810880661011,25.82480636811087,7.9267314812451986,1685822050.293546,17.898074886865672,0,{'runtime': 5}
134,honest-sweep-66,IDHPDSAC,0.8,0.001,DSAC-citation/desert-fog-33,exp1_pseudo_random_sin,0.7,0.9,6.587323188781738,25.688384263139756,6.4605113959931275,1685822034.5881011,19.22787286714663,0,{'runtime': 6}
135,sweet-sweep-65,IDHPDSAC,0.8,0.001,DSAC-citation/smart-durian-34,exp1_pseudo_random_sin,0.5,0.4,6.4897301197052,6.044273037905692,8.074030241294723,1685822018.304116,-2.029757203389031,0,{'runtime': 5}
136,playful-sweep-64,IDHPDSAC,0.8,0.001,DSAC-citation/vague-hill-35,exp1_pseudo_random_sin,0.9,0.3,6.5102219581604,25.82480636811087,3.1334826581926123,1685822003.371619,22.691323709918255,0,{'runtime': 6}
137,pious-sweep-63,IDHPDSAC,0.8,0.001,DSAC-citation/smart-durian-34,exp1_pseudo_random_sin,0.9,0.99,4.539291143417358,6.044273037905692,NaN,1685821990.157464,NaN,0,{'runtime': 4}
138,fragrant-sweep-62,IDHPDSAC,0.8,0.001,DSAC-citation/smart-durian-34,exp1_pseudo_random_sin,0.1,0.6,6.2548668384552,6.044273037905692,10.863401414289434,1685821976.847762,-4.819128376383742,0,{'runtime': 5}
139,stilted-sweep-61,IDHPDSAC,0.8,0.001,DSAC-citation/vague-hill-35,exp1_pseudo_random_sin,0.6,0.9,7.221252918243408,25.82480636811087,9.845221231034314,1685821961.6705909,15.979585137076556,0,{'runtime': 5}
140,serene-sweep-60,IDHPDSAC,0.8,0.001,DSAC-citation/desert-fog-33,exp1_pseudo_random_sin,0.5,0.6,6.340334177017212,25.688384263139756,2.4101660617647247,1685821944.7725592,23.278218201375033,0,{'runtime': 5}
141,zesty-sweep-59,IDHPDSAC,0.8,0.001,DSAC-citation/smart-durian-34,exp1_pseudo_random_sin,0.1,0.9,6.25440788269043,6.044273037905692,7.609265004399483,1685821928.8690538,-1.5649919664937908,0,{'runtime': 5}
142,snowy-sweep-58,IDHPDSAC,0.8,0.001,DSAC-citation/vague-hill-35,exp1_pseudo_random_sin,0.9,0.9,6.232778072357178,25.82480636811087,13.445422899288197,1685821913.7414432,12.379383468822676,0,{'runtime': 5}
143,clean-sweep-57,IDHPDSAC,0.8,0.001,DSAC-citation/vague-hill-35,exp1_pseudo_random_sin,0.7,0.2,6.267554044723511,25.82480636811087,2.7452507489052937,1685821897.70667,23.07955561920558,0,{'runtime': 5}
144,serene-sweep-56,IDHPDSAC,0.8,0.001,DSAC-citation/smart-durian-34,exp1_pseudo_random_sin,0.8,0.8,6.312031984329224,6.044273037905692,36.67484167366935,1685821881.759125,-30.630568635763655,0,{'runtime': 5}
145,northern-sweep-55,IDHPDSAC,0.8,0.001,DSAC-citation/smart-durian-34,exp1_pseudo_random_sin,0.99,0.7,6.354033946990967,6.044273037905692,3.7516984228495462,1685821865.626013,2.292574615056146,0,{'runtime': 5}
146,clean-sweep-54,IDHPDSAC,0.8,0.001,DSAC-citation/vague-hill-35,exp1_pseudo_random_sin,0.99,0.1,4.663311004638672,25.82480636811087,10000000000,1685821848.825394,-9999999974.175194,0,{'runtime': 3}
147,solar-sweep-53,IDHPDSAC,0.8,0.001,DSAC-citation/smart-durian-34,exp1_pseudo_random_sin,0.9,0.7,6.246047019958496,6.044273037905692,6.033116225318486,1685821834.46862,0.011156812587206131,0,{'runtime': 5}
148,vocal-sweep-52,IDHPDSAC,0.8,0.001,DSAC-citation/vague-hill-35,exp1_pseudo_random_sin,0.2,0.4,6.388969898223877,25.82480636811087,3.54775428960706,1685821818.6771898,22.27705207850381,0,{'runtime': 5}
149,sandy-sweep-51,IDHPDSAC,0.8,0.001,DSAC-citation/vague-hill-35,exp1_pseudo_random_sin,0.5,0.7,6.312255144119263,25.82480636811087,2.8979536330063853,1685821803.400736,22.92685273510449,0,{'runtime': 5}
150,firm-sweep-50,IDHPDSAC,0.8,0.001,DSAC-citation/smart-durian-34,exp1_pseudo_random_sin,0.4,0.3,6.568101167678833,6.044273037905692,27.860799306041923,1685821787.652821,-21.81652626813623,0,{'runtime': 6}
151,zany-sweep-49,IDHPDSAC,0.8,0.001,DSAC-citation/desert-fog-33,exp1_pseudo_random_sin,0.2,0.2,6.60792088508606,25.688384263139756,4.793579302442099,1685821771.722653,20.894804960697655,0,{'runtime': 6}
152,treasured-sweep-48,IDHPDSAC,0.8,0.001,DSAC-citation/vague-hill-35,exp1_pseudo_random_sin,0.2,0.99,6.40798807144165,25.82480636811087,331.1927397108432,1685821755.583101,-305.3679333427324,0,{'runtime': 5}
153,fallen-sweep-47,IDHPDSAC,0.8,0.001,DSAC-citation/vague-hill-35,exp1_pseudo_random_sin,0.1,0.6,6.555378198623657,25.82480636811087,4.3509714710537635,1685821739.82715,21.473834897057102,0,{'runtime': 6}
154,worldly-sweep-46,IDHPDSAC,0.8,0.001,DSAC-citation/smart-durian-34,exp1_pseudo_random_sin,0.4,0.6,6.519437074661255,6.044273037905692,8.545357386889457,1685821724.868156,-2.501084348983764,0,{'runtime': 5}
155,icy-sweep-45,IDHPDSAC,0.8,0.001,DSAC-citation/vague-hill-35,exp1_pseudo_random_sin,0.99,0.3,6.4856579303741455,25.82480636811087,3.6708204010625023,1685821708.802568,22.153985967048367,0,{'runtime': 5}
156,eager-sweep-44,IDHPDSAC,0.8,0.001,DSAC-citation/vague-hill-35,exp1_pseudo_random_sin,0.2,0.2,6.746580123901367,25.82480636811087,3.4549814784454966,1685821692.870839,22.369824889665377,0,{'runtime': 6}
157,jumping-sweep-43,IDHPDSAC,0.8,0.001,DSAC-citation/desert-fog-33,exp1_pseudo_random_sin,0.9,0.2,6.457018136978149,25.688384263139756,44.4553773520164,1685821676.639054,-18.76699308887664,0,{'runtime': 5}
158,lyric-sweep-42,IDHPDSAC,0.8,0.001,DSAC-citation/desert-fog-33,exp1_pseudo_random_sin,0.1,0.3,6.457143068313599,25.688384263139756,4.646073482849747,1685821661.714074,21.04231078029001,0,{'runtime': 5}
159,volcanic-sweep-41,IDHPDSAC,0.8,0.001,DSAC-citation/smart-durian-34,exp1_pseudo_random_sin,0.5,0.4,6.389240026473999,6.044273037905692,6.283780267599033,1685821645.737952,-0.23950722969334048,0,{'runtime': 5}
160,grateful-sweep-40,IDHPDSAC,0.8,0.001,DSAC-citation/smart-durian-34,exp1_pseudo_random_sin,0.9,0.4,6.527563095092773,6.044273037905692,6.849186556094887,1685821629.8817542,-0.8049135181891947,0,{'runtime': 5}
161,usual-sweep-39,IDHPDSAC,0.8,0.001,DSAC-citation/desert-fog-33,exp1_pseudo_random_sin,0.5,0.1,3.2961220741271973,25.688384263139756,10000000000,1685821615.917172,-9999999974.311617,0,{'runtime': 2}
162,fancy-sweep-38,IDHPDSAC,0.8,0.001,DSAC-citation/desert-fog-33,exp1_pseudo_random_sin,0.2,0.2,6.410311937332153,25.688384263139756,4.069849722700241,1685821603.76998,21.618534540439516,0,{'runtime': 5}
163,prime-sweep-37,IDHPDSAC,0.8,0.001,DSAC-citation/desert-fog-33,exp1_pseudo_random_sin,0.8,0.9,6.553027868270874,25.688384263139756,5.865570486974855,1685821587.680637,19.8228137761649,0,{'runtime': 5}
164,sunny-sweep-36,IDHPDSAC,0.8,0.001,DSAC-citation/smart-durian-34,exp1_pseudo_random_sin,0.4,0.7,6.558437824249268,6.044273037905692,6.77600780309625,1685821572.4218528,-0.7317347651905575,0,{'runtime': 6}
165,treasured-sweep-35,IDHPDSAC,0.8,0.001,DSAC-citation/vague-hill-35,exp1_pseudo_random_sin,0.7,0.2,6.475380897521973,25.82480636811087,4.677763514419874,1685821556.062711,21.147042853691,0,{'runtime': 5}
166,frosty-sweep-34,IDHPDSAC,0.8,0.001,DSAC-citation/smart-durian-34,exp1_pseudo_random_sin,0.1,0.99,4.357397079467773,6.044273037905692,NaN,1685821543.719742,NaN,0,{'runtime': 3}
167,vital-sweep-33,IDHPDSAC,0.8,0.001,DSAC-citation/smart-durian-34,exp1_pseudo_random_sin,0.6,0.1,4.168735980987549,6.044273037905692,10000000000,1685821527.384403,-9999999993.955729,0,{'runtime': 3}
168,good-sweep-32,IDHPDSAC,0.8,0.001,DSAC-citation/desert-fog-33,exp1_pseudo_random_sin,0.3,0.2,6.379508018493652,25.688384263139756,4.240565419072918,1685821513.711256,21.44781884406684,0,{'runtime': 5}
169,genial-sweep-31,IDHPDSAC,0.8,0.001,DSAC-citation/smart-durian-34,exp1_pseudo_random_sin,0.6,0.2,6.244062900543213,6.044273037905692,5.524373842101133,1685821497.666729,0.5198991958045598,0,{'runtime': 5}
170,winter-sweep-30,IDHPDSAC,0.8,0.001,DSAC-citation/desert-fog-33,exp1_pseudo_random_sin,0.2,0.1,3.319380044937134,25.688384263139756,10000000000,1685821484.791868,-9999999974.311617,0,{'runtime': 2}
171,revived-sweep-29,IDHPDSAC,0.8,0.001,DSAC-citation/smart-durian-34,exp1_pseudo_random_sin,0.9,0.1,3.7132551670074463,6.044273037905692,10000000000,1685821474.213962,-9999999993.955729,0,{'runtime': 3}
172,glorious-sweep-28,IDHPDSAC,0.8,0.001,DSAC-citation/smart-durian-34,exp1_pseudo_random_sin,0.3,0.9,6.545101881027222,6.044273037905692,9.376624378861967,1685821461.9839969,-3.3323513409562766,0,{'runtime': 6}
173,fine-sweep-27,IDHPDSAC,0.8,0.001,DSAC-citation/vague-hill-35,exp1_pseudo_random_sin,0.3,0.6,6.5985190868377686,25.82480636811087,4.683248384713498,1685821445.6908312,21.141557983397373,0,{'runtime': 6}
174,solar-sweep-26,IDHPDSAC,0.8,0.001,DSAC-citation/desert-fog-33,exp1_pseudo_random_sin,0.4,0.7,6.508959054946899,25.688384263139756,3.205271370621988,1685821430.5186272,22.483112892517767,0,{'runtime': 6}
175,honest-sweep-25,IDHPDSAC,0.8,0.001,DSAC-citation/desert-fog-33,exp1_pseudo_random_sin,0.1,0.99,5.084820032119751,25.688384263139756,NaN,1685821412.90849,NaN,0,{'runtime': 4}
176,laced-sweep-24,IDHPDSAC,0.8,0.001,DSAC-citation/desert-fog-33,exp1_pseudo_random_sin,0.1,0.7,6.326253890991211,25.688384263139756,3.785230061222679,1685821398.1876538,21.903154201917076,0,{'runtime': 5}
177,robust-sweep-23,IDHPDSAC,0.8,0.001,DSAC-citation/smart-durian-34,exp1_pseudo_random_sin,0.5,0.7,6.221174955368042,6.044273037905692,7.635979505637675,1685821383.121336,-1.5917064677319823,0,{'runtime': 5}
178,sunny-sweep-22,IDHPDSAC,0.8,0.001,DSAC-citation/smart-durian-34,exp1_pseudo_random_sin,0.3,0.9,6.479136228561401,6.044273037905692,9.864642854265442,1685821367.2011251,-3.82036981635975,0,{'runtime': 5}
179,glad-sweep-21,IDHPDSAC,0.8,0.001,DSAC-citation/smart-durian-34,exp1_pseudo_random_sin,0.99,0.5,4.417769908905029,6.044273037905692,10000000000,1685821348.966018,-9999999993.955729,0,{'runtime': 3}
180,decent-sweep-20,IDHPDSAC,0.8,0.001,DSAC-citation/desert-fog-33,exp1_pseudo_random_sin,0.3,0.2,6.55870509147644,25.688384263139756,5.024221255326844,1685821335.898977,20.664163007812913,0,{'runtime': 6}
181,ethereal-sweep-19,IDHPDSAC,0.8,0.001,DSAC-citation/vague-hill-35,exp1_pseudo_random_sin,0.5,0.3,6.560838937759399,25.82480636811087,3.0247849413076353,1685821319.821584,22.800021426803234,0,{'runtime': 6}
182,misty-sweep-18,IDHPDSAC,0.8,0.001,DSAC-citation/vague-hill-35,exp1_pseudo_random_sin,0.99,0.8,6.505385160446167,25.82480636811087,21.86152253263415,1685821303.7289112,3.963283835476716,0,{'runtime': 6}
183,vivid-sweep-17,IDHPDSAC,0.8,0.001,DSAC-citation/desert-fog-33,exp1_pseudo_random_sin,0.6,0.8,6.300928831100464,25.688384263139756,6.483832735941848,1685821287.336656,19.204551527197907,0,{'runtime': 5}
184,fanciful-sweep-16,IDHPDSAC,0.8,0.001,DSAC-citation/vague-hill-35,exp1_pseudo_random_sin,0.1,0.2,6.090901136398315,25.82480636811087,3.435454634451663,1685821272.211033,22.389351733659208,0,{'runtime': 5}
185,effortless-sweep-15,IDHPDSAC,0.8,0.001,DSAC-citation/vague-hill-35,exp1_pseudo_random_sin,0.8,0.2,6.276986837387085,25.82480636811087,3.476394667651762,1685821256.449879,22.34841170045911,0,{'runtime': 5}
186,true-sweep-14,IDHPDSAC,0.8,0.001,DSAC-citation/smart-durian-34,exp1_pseudo_random_sin,0.3,0.1,3.674603939056397,6.044273037905692,10000000000,1685821241.993003,-9999999993.955729,0,{'runtime': 3}
187,fluent-sweep-13,IDHPDSAC,0.8,0.001,DSAC-citation/smart-durian-34,exp1_pseudo_random_sin,0.2,0.9,6.576915740966797,6.044273037905692,9.844440038560675,1685821221.7459269,-3.8001670006549846,0,{'runtime': 5}
188,apricot-sweep-12,IDHPDSAC,0.8,0.001,DSAC-citation/desert-fog-33,exp1_pseudo_random_sin,0.4,0.5,6.572099924087524,25.688384263139756,2.814368028275391,1685821205.907539,22.874016234864364,0,{'runtime': 6}
189,lunar-sweep-11,IDHPDSAC,0.8,0.001,DSAC-citation/desert-fog-33,exp1_pseudo_random_sin,0.3,0.3,6.259771108627319,25.688384263139756,5.2533417294151485,1685821189.645437,20.43504253372461,0,{'runtime': 5}
190,misunderstood-sweep-10,IDHPDSAC,0.8,0.001,DSAC-citation/desert-fog-33,exp1_pseudo_random_sin,0.1,0.7,6.303584814071655,25.688384263139756,4.051723408628835,1685821174.740342,21.63666085451092,0,{'runtime': 5}
191,cool-sweep-9,IDHPDSAC,0.8,0.001,DSAC-citation/desert-fog-33,exp1_pseudo_random_sin,0.99,0.7,6.186505079269409,25.688384263139756,4.389739638195351,1685821158.7057831,21.298644624944405,0,{'runtime': 5}
192,toasty-sweep-8,IDHPDSAC,0.8,0.001,DSAC-citation/smart-durian-34,exp1_pseudo_random_sin,0.9,0.5,6.348861932754517,6.044273037905692,24.77042982409975,1685821142.73732,-18.726156786194057,0,{'runtime': 5}
193,noble-sweep-7,IDHPDSAC,0.8,0.001,DSAC-citation/smart-durian-34,exp1_pseudo_random_sin,0.8,0.6,6.267063140869141,6.044273037905692,8.795832595841983,1685821126.494569,-2.7515595579362904,0,{'runtime': 5}
194,grateful-sweep-6,IDHPDSAC,0.8,0.001,DSAC-citation/smart-durian-34,exp1_pseudo_random_sin,0.8,0.6,6.243746280670166,6.044273037905692,11.05054929765209,1685821111.4267032,-5.0062762597463975,0,{'runtime': 5}
195,dainty-sweep-5,IDHPDSAC,0.8,0.001,DSAC-citation/desert-fog-33,exp1_pseudo_random_sin,0.5,0.8,6.260161876678467,25.688384263139756,5.552982401153802,1685821095.5600069,20.13540186198595,0,{'runtime': 5}
196,warm-sweep-4,IDHPDSAC,0.8,0.001,DSAC-citation/vague-hill-35,exp1_pseudo_random_sin,0.1,0.1,2.569751024246216,25.82480636811087,10000000000,1685821080.940244,-9999999974.175194,0,{'runtime': 2}
197,helpful-sweep-3,IDHPDSAC,0.8,0.001,DSAC-citation/vague-hill-35,exp1_pseudo_random_sin,0.9,0.7,6.201689958572388,25.82480636811087,3.769628983959896,1685821068.704643,22.055177384150973,0,{'runtime': 5}
198,summer-sweep-2,IDHPDSAC,0.8,0.001,DSAC-citation/desert-fog-33,exp1_pseudo_random_sin,0.9,0.3,6.3094189167022705,25.688384263139756,30.779850278896433,1685821053.28518,-5.0914660157566765,0,{'runtime': 5}
199,zesty-sweep-1,IDHPDSAC,0.8,0.001,DSAC-citation/smart-durian-34,exp1_pseudo_random_sin,0.8,0.1,3.902021169662475,6.044273037905692,10000000000,1685821040.005443,-9999999993.955729,0,{'runtime': 3}
