,name,lr_a_high,lr_c_high,sac_model,task_train,discount_factor,discount_factor_model,_step,_wandb,_runtime,sac_nmae,idhp_nmae,_timestamp,nmae_improvement
0,elated-sweep-200,1e-05,0.8,SAC-citation/divine-grass-171,exp1_pseudo_random_sin,0.6,0.6,0,{'runtime': 1},2.034992933273315,16.011297433609993,10000000000.0,1685777192.724776,-9999999983.988705
1,dutiful-sweep-199,0.01,1e-05,SAC-citation/divine-grass-171,exp1_pseudo_random_sin,0.6,0.6,0,{'runtime': 8},9.052726030349731,16.011297433609993,20.179041919321463,1685777179.004767,-4.16774448571147
2,upbeat-sweep-198,0.7,0.4,SAC-citation/divine-grass-171,exp1_pseudo_random_sin,0.6,0.6,0,{'runtime': 1},1.9613001346588137,16.011297433609993,10000000000.0,1685777161.148261,-9999999983.988705
3,winter-sweep-197,0.0005,0.0001,SAC-citation/firm-feather-173,exp1_pseudo_random_sin,0.6,0.6,0,{'runtime': 8},8.994734048843384,20.585377984797297,32.905835395081134,1685777146.548598,-12.320457410283836
4,worldly-sweep-196,0.0001,0.0001,SAC-citation/divine-grass-171,exp1_pseudo_random_sin,0.6,0.6,0,{'runtime': 8},9.036115884780884,16.011297433609993,105.69618569390506,1685777125.879951,-89.68488826029507
5,swift-sweep-195,1e-05,1e-05,SAC-citation/divine-grass-171,exp1_pseudo_random_sin,0.6,0.6,0,{'runtime': 8},8.991047143936157,16.011297433609993,130.00189092174458,1685777104.198806,-113.99059348813458
6,grateful-sweep-194,0.6,0.6,SAC-citation/denim-leaf-172,exp1_pseudo_random_sin,0.6,0.6,0,{'runtime': 1},1.7923359870910645,14.965543983462323,10000000000.0,1685777086.262738,-9999999985.034456
7,stoic-sweep-193,0.7,5e-05,SAC-citation/firm-feather-173,exp1_pseudo_random_sin,0.6,0.6,0,{'runtime': 8},9.010607242584229,20.585377984797297,5.558735055042488,1685777072.8596292,15.026642929754807
8,crisp-sweep-192,0.0001,0.5,SAC-citation/firm-feather-173,exp1_pseudo_random_sin,0.6,0.6,0,{'runtime': 1},2.165834665298462,20.585377984797297,10000000000.0,1685777055.2082298,-9999999979.41462
9,warm-sweep-191,0.7,0.005,SAC-citation/firm-feather-173,exp1_pseudo_random_sin,0.6,0.6,0,{'runtime': 8},9.065747261047363,20.585377984797297,6.839632791894708,1685777041.4551492,13.74574519290259
10,stellar-sweep-190,0.9,0.1,SAC-citation/denim-leaf-172,exp1_pseudo_random_sin,0.6,0.6,0,{'runtime': 4},4.834910869598389,14.965543983462323,10000000000.0,1685777021.625418,-9999999985.034456
11,mild-sweep-189,0.0005,0.1,SAC-citation/firm-feather-173,exp1_pseudo_random_sin,0.6,0.6,0,{'runtime': 8},9.094990968704224,20.585377984797297,35.94140274837852,1685777004.1567569,-15.356024763581225
12,faithful-sweep-188,0.0005,0.001,SAC-citation/divine-grass-171,exp1_pseudo_random_sin,0.6,0.6,0,{'runtime': 8},9.138552188873293,16.011297433609993,66.31687389057241,1685776983.6067982,-50.30557645696241
13,misunderstood-sweep-187,5e-05,0.1,SAC-citation/firm-feather-173,exp1_pseudo_random_sin,0.6,0.6,0,{'runtime': 8},9.04427981376648,20.585377984797297,32.33160622748314,1685776962.763208,-11.746228242685843
14,peach-sweep-186,0.2,5e-05,SAC-citation/denim-leaf-172,exp1_pseudo_random_sin,0.6,0.6,0,{'runtime': 8},9.14631199836731,14.965543983462323,4.025124421436794,1685776942.310526,10.940419562025529
15,eager-sweep-185,0.3,0.4,SAC-citation/divine-grass-171,exp1_pseudo_random_sin,0.6,0.6,0,{'runtime': 1},2.047156810760498,16.011297433609993,10000000000.0,1685776924.468721,-9999999983.988705
16,serene-sweep-184,0.4,0.9,SAC-citation/firm-feather-173,exp1_pseudo_random_sin,0.6,0.6,0,{'runtime': 1},1.8154499530792236,20.585377984797297,10000000000.0,1685776913.377671,-9999999979.41462
17,daily-sweep-183,0.6,0.2,SAC-citation/denim-leaf-172,exp1_pseudo_random_sin,0.6,0.6,0,{'runtime': 8},9.128068685531616,14.965543983462323,17.06455532638058,1685776901.8787048,-2.099011342918258
18,light-sweep-182,0.9,0.5,SAC-citation/denim-leaf-172,exp1_pseudo_random_sin,0.6,0.6,0,{'runtime': 1},1.993196964263916,14.965543983462323,10000000000.0,1685776881.428444,-9999999985.034456
19,proud-sweep-181,1e-05,0.2,SAC-citation/firm-feather-173,exp1_pseudo_random_sin,0.6,0.6,0,{'runtime': 8},9.321145057678224,20.585377984797297,298.82105942218703,1685776868.100086,-278.23568143738976
20,fanciful-sweep-180,0.7,0.5,SAC-citation/denim-leaf-172,exp1_pseudo_random_sin,0.6,0.6,0,{'runtime': 1},1.941640853881836,14.965543983462323,10000000000.0,1685776850.1286788,-9999999985.034456
21,magic-sweep-179,5e-05,0.5,SAC-citation/divine-grass-171,exp1_pseudo_random_sin,0.6,0.6,0,{'runtime': 1},2.3216609954833984,16.011297433609993,10000000000.0,1685776839.725803,-9999999983.988705
22,splendid-sweep-178,0.3,0.7,SAC-citation/firm-feather-173,exp1_pseudo_random_sin,0.6,0.6,0,{'runtime': 1},1.9372107982635496,20.585377984797297,10000000000.0,1685776828.553619,-9999999979.41462
23,spring-sweep-177,0.6,0.3,SAC-citation/denim-leaf-172,exp1_pseudo_random_sin,0.6,0.6,0,{'runtime': 1},2.411648988723755,14.965543983462323,10000000000.0,1685776818.140563,-9999999985.034456
24,amber-sweep-176,0.0001,0.5,SAC-citation/divine-grass-171,exp1_pseudo_random_sin,0.6,0.6,0,{'runtime': 1},2.191559076309204,16.011297433609993,10000000000.0,1685776807.124869,-9999999983.988705
25,autumn-sweep-175,0.0001,0.0005,SAC-citation/firm-feather-173,exp1_pseudo_random_sin,0.6,0.6,0,{'runtime': 9},9.721248865127563,20.585377984797297,33.28143703009277,1685776793.902422,-12.69605904529547
26,vocal-sweep-174,0.8,0.7,SAC-citation/divine-grass-171,exp1_pseudo_random_sin,0.6,0.6,0,{'runtime': 1},1.8514530658721924,16.011297433609993,10000000000.0,1685776775.4528,-9999999983.988705
27,colorful-sweep-173,0.3,0.4,SAC-citation/divine-grass-171,exp1_pseudo_random_sin,0.6,0.6,0,{'runtime': 1},2.0214290618896484,16.011297433609993,10000000000.0,1685776764.891079,-9999999983.988705
28,robust-sweep-172,0.0001,0.5,SAC-citation/divine-grass-171,exp1_pseudo_random_sin,0.6,0.6,0,{'runtime': 1},2.352673053741455,16.011297433609993,10000000000.0,1685776754.574125,-9999999983.988705
29,curious-sweep-171,0.01,0.0005,SAC-citation/firm-feather-173,exp1_pseudo_random_sin,0.6,0.6,0,{'runtime': 9},9.664792776107788,20.585377984797297,23.649381064320885,1685776741.248587,-3.0640030795235873
30,effortless-sweep-170,0.1,0.005,SAC-citation/divine-grass-171,exp1_pseudo_random_sin,0.6,0.6,0,{'runtime': 9},10.05900812149048,16.011297433609993,8.953501589025437,1685776721.0213592,7.057795844584556
31,lucky-sweep-169,0.9,0.5,SAC-citation/divine-grass-171,exp1_pseudo_random_sin,0.6,0.6,0,{'runtime': 1},2.186966896057129,16.011297433609993,10000000000.0,1685776702.1995058,-9999999983.988705
32,usual-sweep-168,0.9,0.6,SAC-citation/firm-feather-173,exp1_pseudo_random_sin,0.6,0.6,0,{'runtime': 1},1.8544278144836424,20.585377984797297,10000000000.0,1685776691.1672928,-9999999979.41462
33,absurd-sweep-167,0.0005,0.1,SAC-citation/denim-leaf-172,exp1_pseudo_random_sin,0.6,0.6,0,{'runtime': 8},9.034165143966677,14.965543983462323,17.917709339003316,1685776676.681889,-2.952165355540993
34,unique-sweep-166,0.0001,0.005,SAC-citation/divine-grass-171,exp1_pseudo_random_sin,0.6,0.6,0,{'runtime': 8},9.292909145355225,16.011297433609993,69.80822807518089,1685776656.130099,-53.796930641570896
35,hardy-sweep-165,0.005,0.005,SAC-citation/firm-feather-173,exp1_pseudo_random_sin,0.6,0.6,0,{'runtime': 8},9.152065753936768,20.585377984797297,27.448854133692507,1685776635.410684,-6.863476148895209
36,jolly-sweep-164,0.0005,5e-05,SAC-citation/denim-leaf-172,exp1_pseudo_random_sin,0.6,0.6,0,{'runtime': 8},9.043926000595093,14.965543983462323,35.454341607957026,1685776613.602289,-20.4887976244947
37,stellar-sweep-163,0.001,0.0005,SAC-citation/denim-leaf-172,exp1_pseudo_random_sin,0.6,0.6,0,{'runtime': 8},9.103399991989136,14.965543983462323,28.10814107174012,1685776592.990953,-13.142597088277798
38,cool-sweep-162,0.1,0.001,SAC-citation/divine-grass-171,exp1_pseudo_random_sin,0.6,0.6,0,{'runtime': 8},9.43461012840271,16.011297433609993,8.01505219722735,1685776572.739694,7.996245236382643
39,snowy-sweep-161,0.01,0.0001,SAC-citation/divine-grass-171,exp1_pseudo_random_sin,0.6,0.6,0,{'runtime': 8},8.983803033828735,16.011297433609993,15.673801917716798,1685776550.730062,0.3374955158931954
40,proud-sweep-160,0.1,0.05,SAC-citation/firm-feather-173,exp1_pseudo_random_sin,0.6,0.6,0,{'runtime': 8},9.42949604988098,20.585377984797297,8.12897196997375,1685776530.405258,12.456406014823548
41,snowy-sweep-159,0.005,0.9,SAC-citation/denim-leaf-172,exp1_pseudo_random_sin,0.6,0.6,0,{'runtime': 2},3.405462741851806,14.965543983462323,10000000000.0,1685776508.2739809,-9999999985.034456
42,restful-sweep-158,0.01,1e-05,SAC-citation/divine-grass-171,exp1_pseudo_random_sin,0.6,0.6,0,{'runtime': 8},9.14372181892395,16.011297433609993,14.339027003421077,1685776492.588714,1.6722704301889166
43,treasured-sweep-157,5e-05,0.005,SAC-citation/denim-leaf-172,exp1_pseudo_random_sin,0.6,0.6,0,{'runtime': 8},9.029641151428224,14.965543983462323,41.62667614279336,1685776471.878411,-26.661132159331032
44,peachy-sweep-156,0.9,0.005,SAC-citation/firm-feather-173,exp1_pseudo_random_sin,0.6,0.6,0,{'runtime': 9},9.80327010154724,20.585377984797297,5.186895683864993,1685776451.074825,15.398482300932304
45,cool-sweep-155,0.1,0.05,SAC-citation/firm-feather-173,exp1_pseudo_random_sin,0.6,0.6,0,{'runtime': 8},9.14335012435913,20.585377984797297,8.407996475093794,1685776429.7637131,12.177381509703505
46,clean-sweep-154,0.6,0.005,SAC-citation/firm-feather-173,exp1_pseudo_random_sin,0.6,0.6,0,{'runtime': 8},9.07340407371521,20.585377984797297,5.666146579628318,1685776409.031009,14.91923140516898
47,swept-sweep-153,0.05,5e-05,SAC-citation/divine-grass-171,exp1_pseudo_random_sin,0.6,0.6,0,{'runtime': 8},9.069354057312012,16.011297433609993,9.520910221766531,1685776387.323355,6.490387211843462
48,hearty-sweep-152,0.01,0.5,SAC-citation/firm-feather-173,exp1_pseudo_random_sin,0.6,0.6,0,{'runtime': 8},9.1108980178833,20.585377984797297,8.815343643120075,1685776365.614668,11.770034341677222
49,stellar-sweep-151,0.005,0.9,SAC-citation/divine-grass-171,exp1_pseudo_random_sin,0.6,0.6,0,{'runtime': 8},9.096694946289062,16.011297433609993,7.930230273775267,1685776344.986347,8.081067159834726
50,exalted-sweep-150,0.0005,0.5,SAC-citation/divine-grass-171,exp1_pseudo_random_sin,0.6,0.6,0,{'runtime': 1},2.2843470573425293,16.011297433609993,10000000000.0,1685776327.068077,-9999999983.988705
51,blooming-sweep-149,0.01,0.05,SAC-citation/divine-grass-171,exp1_pseudo_random_sin,0.6,0.6,0,{'runtime': 8},9.031944036483765,16.011297433609993,11.242509749739032,1685776312.041228,4.768787683870961
52,icy-sweep-148,5e-05,0.5,SAC-citation/denim-leaf-172,exp1_pseudo_random_sin,0.6,0.6,0,{'runtime': 1},2.0488150119781494,14.965543983462323,10000000000.0,1685776294.426365,-9999999985.034456
53,stellar-sweep-147,0.1,0.005,SAC-citation/divine-grass-171,exp1_pseudo_random_sin,0.6,0.6,0,{'runtime': 8},9.096189022064207,16.011297433609993,7.818095667187574,1685776280.719063,8.193201766422419
54,frosty-sweep-146,0.2,0.0005,SAC-citation/divine-grass-171,exp1_pseudo_random_sin,0.6,0.6,0,{'runtime': 8},9.103360176086426,16.011297433609993,6.70441682093335,1685776260.03097,9.306880612676643
55,dark-sweep-145,5e-05,0.9,SAC-citation/denim-leaf-172,exp1_pseudo_random_sin,0.6,0.6,0,{'runtime': 1},1.8027150630950928,14.965543983462323,10000000000.0,1685776241.991241,-9999999985.034456
56,sweepy-sweep-144,0.3,0.3,SAC-citation/denim-leaf-172,exp1_pseudo_random_sin,0.6,0.6,0,{'runtime': 8},9.153072118759155,14.965543983462323,4.76207116633832,1685776228.604578,10.203472817124004
57,rose-sweep-143,0.3,0.9,SAC-citation/divine-grass-171,exp1_pseudo_random_sin,0.6,0.6,0,{'runtime': 1},1.843614101409912,16.011297433609993,10000000000.0,1685776210.547014,-9999999983.988705
58,misty-sweep-142,0.6,0.0001,SAC-citation/divine-grass-171,exp1_pseudo_random_sin,0.6,0.6,0,{'runtime': 8},9.01272988319397,16.011297433609993,6.351216382487081,1685776197.060412,9.660081051122912
59,olive-sweep-141,0.4,0.0005,SAC-citation/firm-feather-173,exp1_pseudo_random_sin,0.6,0.6,0,{'runtime': 8},9.136454105377195,20.585377984797297,5.978757702229448,1685776175.620511,14.60662028256785
60,vocal-sweep-140,0.2,0.7,SAC-citation/divine-grass-171,exp1_pseudo_random_sin,0.6,0.6,0,{'runtime': 1},1.87477707862854,16.011297433609993,10000000000.0,1685776157.7687712,-9999999983.988705
61,swift-sweep-139,0.4,0.1,SAC-citation/divine-grass-171,exp1_pseudo_random_sin,0.6,0.6,0,{'runtime': 9},9.661236047744753,16.011297433609993,41.05905048672096,1685776144.833985,-25.04775305311097
62,comfy-sweep-138,0.2,0.4,SAC-citation/firm-feather-173,exp1_pseudo_random_sin,0.6,0.6,0,{'runtime': 1},2.1137781143188477,20.585377984797297,10000000000.0,1685776126.5985851,-9999999979.41462
63,serene-sweep-137,0.2,0.7,SAC-citation/divine-grass-171,exp1_pseudo_random_sin,0.6,0.6,0,{'runtime': 1},1.9393229484558103,16.011297433609993,10000000000.0,1685776115.777532,-9999999983.988705
64,summer-sweep-136,0.0005,0.6,SAC-citation/divine-grass-171,exp1_pseudo_random_sin,0.6,0.6,0,{'runtime': 1},2.109131097793579,16.011297433609993,10000000000.0,1685776105.3786602,-9999999983.988705
65,faithful-sweep-135,0.05,0.2,SAC-citation/denim-leaf-172,exp1_pseudo_random_sin,0.6,0.6,0,{'runtime': 8},9.165205955505373,14.965543983462323,6.3517329373324145,1685776090.790299,8.613811046129909
66,misunderstood-sweep-134,0.2,0.0001,SAC-citation/divine-grass-171,exp1_pseudo_random_sin,0.6,0.6,0,{'runtime': 8},9.033615112304688,16.011297433609993,8.792107594100978,1685776069.00284,7.219189839509015
67,fanciful-sweep-133,0.3,0.001,SAC-citation/firm-feather-173,exp1_pseudo_random_sin,0.6,0.6,0,{'runtime': 8},9.114199876785278,20.585377984797297,6.2404618699886845,1685776047.655686,14.344916114808612
68,bumbling-sweep-132,0.5,0.001,SAC-citation/denim-leaf-172,exp1_pseudo_random_sin,0.6,0.6,0,{'runtime': 8},9.131574153900146,14.965543983462323,4.207858092947386,1685776026.893602,10.75768589051494
69,crimson-sweep-131,0.005,0.0001,SAC-citation/divine-grass-171,exp1_pseudo_random_sin,0.6,0.6,0,{'runtime': 8},9.122029066085815,16.011297433609993,21.07513899003511,1685776005.154289,-5.063841556425118
70,noble-sweep-130,0.05,0.0005,SAC-citation/firm-feather-173,exp1_pseudo_random_sin,0.6,0.6,0,{'runtime': 8},9.070032835006714,20.585377984797297,11.83439025352793,1685775984.396875,8.750987731269367
71,vital-sweep-129,0.5,0.005,SAC-citation/divine-grass-171,exp1_pseudo_random_sin,0.6,0.6,0,{'runtime': 8},9.058145999908447,16.011297433609993,24.407109665865363,1685775963.725065,-8.39581223225537
72,serene-sweep-128,1e-05,5e-05,SAC-citation/denim-leaf-172,exp1_pseudo_random_sin,0.6,0.6,0,{'runtime': 8},9.021996974945068,14.965543983462323,43.42498192929884,1685775942.095264,-28.459437945836513
73,denim-sweep-127,0.3,0.2,SAC-citation/divine-grass-171,exp1_pseudo_random_sin,0.6,0.6,0,{'runtime': 8},9.118244886398315,16.011297433609993,8.455458063988301,1685775921.499029,7.555839369621692
74,splendid-sweep-126,0.9,0.9,SAC-citation/divine-grass-171,exp1_pseudo_random_sin,0.6,0.6,0,{'runtime': 1},1.8406829833984375,16.011297433609993,10000000000.0,1685775903.613612,-9999999983.988705
75,jolly-sweep-125,0.4,0.6,SAC-citation/denim-leaf-172,exp1_pseudo_random_sin,0.6,0.6,0,{'runtime': 1},1.8597080707550049,14.965543983462323,10000000000.0,1685775892.95121,-9999999985.034456
76,vague-sweep-124,0.6,0.0001,SAC-citation/denim-leaf-172,exp1_pseudo_random_sin,0.6,0.6,0,{'runtime': 8},9.300863981246948,14.965543983462323,5.16423837280897,1685775879.841619,9.801305610653356
77,honest-sweep-123,0.005,0.6,SAC-citation/denim-leaf-172,exp1_pseudo_random_sin,0.6,0.6,0,{'runtime': 1},2.4986820220947266,14.965543983462323,10000000000.0,1685775862.346891,-9999999985.034456
78,logical-sweep-122,0.05,0.0001,SAC-citation/divine-grass-171,exp1_pseudo_random_sin,0.6,0.6,0,{'runtime': 9},9.919124126434326,16.011297433609993,10.043353042053797,1685775848.156249,5.9679443915561965
79,eager-sweep-121,0.0001,0.9,SAC-citation/denim-leaf-172,exp1_pseudo_random_sin,0.6,0.6,0,{'runtime': 1},1.7758300304412842,14.965543983462323,10000000000.0,1685775829.428023,-9999999985.034456
80,winter-sweep-120,0.001,0.5,SAC-citation/divine-grass-171,exp1_pseudo_random_sin,0.6,0.6,0,{'runtime': 1},2.364085912704468,16.011297433609993,10000000000.0,1685775819.360489,-9999999983.988705
81,lyric-sweep-119,0.3,0.001,SAC-citation/firm-feather-173,exp1_pseudo_random_sin,0.6,0.6,0,{'runtime': 8},9.233143091201782,20.585377984797297,6.837952653080516,1685775805.193804,13.74742533171678
82,sparkling-sweep-118,0.01,0.0001,SAC-citation/firm-feather-173,exp1_pseudo_random_sin,0.6,0.6,0,{'runtime': 8},9.424792289733888,20.585377984797297,29.870284553806552,1685775783.0650492,-9.284906569009255
83,woven-sweep-117,0.4,0.0001,SAC-citation/firm-feather-173,exp1_pseudo_random_sin,0.6,0.6,0,{'runtime': 8},9.303401947021484,20.585377984797297,4.939686510606723,1685775761.68884,15.645691474190574
84,deep-sweep-116,5e-05,0.2,SAC-citation/divine-grass-171,exp1_pseudo_random_sin,0.6,0.6,0,{'runtime': 8},9.365279197692873,16.011297433609993,250.46398605111003,1685775741.3506591,-234.45268861750003
85,frosty-sweep-115,0.1,0.9,SAC-citation/denim-leaf-172,exp1_pseudo_random_sin,0.6,0.6,0,{'runtime': 1},2.193878173828125,14.965543983462323,10000000000.0,1685775722.7937212,-9999999985.034456
86,revived-sweep-114,0.005,0.8,SAC-citation/divine-grass-171,exp1_pseudo_random_sin,0.6,0.6,0,{'runtime': 8},9.354676008224487,16.011297433609993,5.9623420828574165,1685775708.666946,10.048955350752577
87,solar-sweep-113,0.5,0.6,SAC-citation/firm-feather-173,exp1_pseudo_random_sin,0.6,0.6,0,{'runtime': 1},2.147113084793091,20.585377984797297,10000000000.0,1685775690.16698,-9999999979.41462
88,warm-sweep-112,0.01,0.05,SAC-citation/divine-grass-171,exp1_pseudo_random_sin,0.6,0.6,0,{'runtime': 8},9.473822116851808,16.011297433609993,14.131103799308894,1685775676.186283,1.880193634301099
89,dark-sweep-111,0.0001,1e-05,SAC-citation/denim-leaf-172,exp1_pseudo_random_sin,0.6,0.6,0,{'runtime': 8},9.016808986663818,14.965543983462323,42.221320978464384,1685775654.755884,-27.25577699500206
90,ruby-sweep-110,0.001,5e-05,SAC-citation/denim-leaf-172,exp1_pseudo_random_sin,0.6,0.6,0,{'runtime': 8},9.021509885787964,14.965543983462323,27.831139265735057,1685775634.086356,-12.86559528227273
91,lucky-sweep-109,0.1,0.1,SAC-citation/divine-grass-171,exp1_pseudo_random_sin,0.6,0.6,0,{'runtime': 9},9.661571979522703,16.011297433609993,8.19369841026385,1685775613.105818,7.817599023346142
92,sparkling-sweep-108,0.05,0.5,SAC-citation/denim-leaf-172,exp1_pseudo_random_sin,0.6,0.6,0,{'runtime': 8},9.424674272537231,14.965543983462323,7.468852562252026,1685775591.1987882,7.496691421210297
93,dandy-sweep-107,0.9,0.1,SAC-citation/denim-leaf-172,exp1_pseudo_random_sin,0.6,0.6,0,{'runtime': 9},9.654631853103638,14.965543983462323,5.92519061739708,1685775570.768968,9.040353366065244
94,avid-sweep-106,0.3,0.2,SAC-citation/denim-leaf-172,exp1_pseudo_random_sin,0.6,0.6,0,{'runtime': 8},9.217500925064089,14.965543983462323,10000000000.0,1685775548.709548,-9999999985.034456
95,rare-sweep-105,0.005,0.01,SAC-citation/firm-feather-173,exp1_pseudo_random_sin,0.6,0.6,0,{'runtime': 8},9.006584882736206,20.585377984797297,27.53004704888276,1685775528.046486,-6.944669064085463
96,ancient-sweep-104,0.8,0.0005,SAC-citation/denim-leaf-172,exp1_pseudo_random_sin,0.6,0.6,0,{'runtime': 8},9.371315002441406,14.965543983462323,7.967740529497968,1685775507.536986,6.997803453964355
97,lively-sweep-103,0.2,0.5,SAC-citation/denim-leaf-172,exp1_pseudo_random_sin,0.6,0.6,0,{'runtime': 8},9.242823839187622,14.965543983462323,4.011417596191338,1685775486.096763,10.954126387270986
98,gallant-sweep-102,0.6,0.9,SAC-citation/divine-grass-171,exp1_pseudo_random_sin,0.6,0.6,0,{'runtime': 1},1.8559482097625732,16.011297433609993,10000000000.0,1685775467.2982242,-9999999983.988705
99,fanciful-sweep-101,0.01,0.8,SAC-citation/divine-grass-171,exp1_pseudo_random_sin,0.6,0.6,0,{'runtime': 9},9.938316106796265,16.011297433609993,5.4284321917531795,1685775454.368159,10.582865241856814
100,royal-sweep-100,0.9,5e-05,SAC-citation/denim-leaf-172,exp1_pseudo_random_sin,0.6,0.6,0,{'runtime': 8},9.08219313621521,14.965543983462323,4.8642840077088465,1685775432.876229,10.101259975753475
101,glorious-sweep-99,0.0001,0.05,SAC-citation/denim-leaf-172,exp1_pseudo_random_sin,0.6,0.6,0,{'runtime': 8},9.349642038345335,14.965543983462323,29.14394210981484,1685775412.960028,-14.178398126352516
102,electric-sweep-98,0.7,0.3,SAC-citation/divine-grass-171,exp1_pseudo_random_sin,0.6,0.6,0,{'runtime': 1},2.5552661418914795,16.011297433609993,10000000000.0,1685775395.058557,-9999999983.988705
103,fearless-sweep-97,1e-05,5e-05,SAC-citation/denim-leaf-172,exp1_pseudo_random_sin,0.6,0.6,0,{'runtime': 8},9.30358910560608,14.965543983462323,43.45657925264184,1685775379.600342,-28.491035269179513
104,silvery-sweep-96,0.1,0.9,SAC-citation/firm-feather-173,exp1_pseudo_random_sin,0.6,0.6,0,{'runtime': 1},2.0700149536132812,20.585377984797297,10000000000.0,1685775354.83824,-9999999979.41462
105,feasible-sweep-95,0.3,0.05,SAC-citation/firm-feather-173,exp1_pseudo_random_sin,0.6,0.6,0,{'runtime': 8},9.100144147872925,20.585377984797297,5.768277682562822,1685775339.9702652,14.817100302234476
106,rose-sweep-94,5e-05,5e-05,SAC-citation/denim-leaf-172,exp1_pseudo_random_sin,0.6,0.6,0,{'runtime': 8},9.058671951293944,14.965543983462323,42.960630752246416,1685775318.030453,-27.99508676878409
107,firm-sweep-93,0.8,0.8,SAC-citation/firm-feather-173,exp1_pseudo_random_sin,0.6,0.6,0,{'runtime': 1},2.0809521675109863,20.585377984797297,10000000000.0,1685775291.741805,-9999999979.41462
108,dainty-sweep-92,5e-05,0.8,SAC-citation/firm-feather-173,exp1_pseudo_random_sin,0.6,0.6,0,{'runtime': 1},2.104369878768921,20.585377984797297,10000000000.0,1685775280.353385,-9999999979.41462
109,rural-sweep-91,0.8,0.0001,SAC-citation/firm-feather-173,exp1_pseudo_random_sin,0.6,0.6,0,{'runtime': 9},9.880162954330444,20.585377984797297,5.168709817995725,1685775266.9622989,15.416668166801571
110,leafy-sweep-90,0.9,0.3,SAC-citation/divine-grass-171,exp1_pseudo_random_sin,0.6,0.6,0,{'runtime': 454},454.6086947917938,16.011297433609993,9.338739543482731,1685775245.172392,6.672557890127262
111,generous-sweep-89,0.9,0.5,SAC-citation/firm-feather-173,exp1_pseudo_random_sin,0.6,0.6,0,{'runtime': 1},1.8314158916473389,20.585377984797297,10000000000.0,1685774781.67303,-9999999979.41462
112,amber-sweep-88,0.0001,0.0001,SAC-citation/denim-leaf-172,exp1_pseudo_random_sin,0.6,0.6,0,{'runtime': 8},8.982203960418701,14.965543983462323,42.39487961575822,1685774767.20353,-27.429335632295896
113,sunny-sweep-87,0.0005,0.9,SAC-citation/firm-feather-173,exp1_pseudo_random_sin,0.6,0.6,0,{'runtime': 1},2.0009329319000244,20.585377984797297,10000000000.0,1685774750.397234,-9999999979.41462
114,dark-sweep-86,0.05,1e-05,SAC-citation/denim-leaf-172,exp1_pseudo_random_sin,0.6,0.6,0,{'runtime': 8},9.032932043075562,14.965543983462323,6.957373643757474,1685774735.743625,8.00817033970485
115,stilted-sweep-85,0.1,0.3,SAC-citation/denim-leaf-172,exp1_pseudo_random_sin,0.6,0.6,0,{'runtime': 1},2.442004919052124,14.965543983462323,10000000000.0,1685774718.487988,-9999999985.034456
116,firm-sweep-84,0.2,0.01,SAC-citation/divine-grass-171,exp1_pseudo_random_sin,0.6,0.6,0,{'runtime': 8},8.957364082336426,16.011297433609993,5.930769978089679,1685774703.2947772,10.080527455520317
117,apricot-sweep-83,0.2,5e-05,SAC-citation/divine-grass-171,exp1_pseudo_random_sin,0.6,0.6,0,{'runtime': 8},9.068670988082886,16.011297433609993,7.425471052743053,1685774682.612839,8.58582638086694
118,dark-sweep-82,1e-05,5e-05,SAC-citation/denim-leaf-172,exp1_pseudo_random_sin,0.6,0.6,0,{'runtime': 8},9.058491945266724,14.965543983462323,43.37401652364965,1685774661.991595,-28.40847254018732
119,clear-sweep-81,0.01,0.1,SAC-citation/divine-grass-171,exp1_pseudo_random_sin,0.6,0.6,0,{'runtime': 8},9.136214017868042,16.011297433609993,11.090902048656604,1685774641.422066,4.920395384953389
120,daily-sweep-80,0.8,0.8,SAC-citation/divine-grass-171,exp1_pseudo_random_sin,0.6,0.6,0,{'runtime': 1},1.828118085861206,16.011297433609993,10000000000.0,1685774623.35275,-9999999983.988705
121,helpful-sweep-79,0.5,0.5,SAC-citation/divine-grass-171,exp1_pseudo_random_sin,0.6,0.6,0,{'runtime': 1},1.8951408863067627,16.011297433609993,10000000000.0,1685774612.719209,-9999999983.988705
122,hearty-sweep-78,0.7,0.005,SAC-citation/denim-leaf-172,exp1_pseudo_random_sin,0.6,0.6,0,{'runtime': 8},9.11379599571228,14.965543983462323,5.2125279543358,1685774598.917314,9.753016029126524
123,snowy-sweep-77,0.005,0.05,SAC-citation/firm-feather-173,exp1_pseudo_random_sin,0.6,0.6,0,{'runtime': 8},9.148269891738892,20.585377984797297,12.481503723013484,1685774578.2638369,8.103874261783814
124,vocal-sweep-76,0.6,0.01,SAC-citation/firm-feather-173,exp1_pseudo_random_sin,0.6,0.6,0,{'runtime': 8},9.00869107246399,20.585377984797297,6.305484751545594,1685774556.383878,14.279893233251704
125,generous-sweep-75,0.1,0.8,SAC-citation/denim-leaf-172,exp1_pseudo_random_sin,0.6,0.6,0,{'runtime': 1},1.8056318759918213,14.965543983462323,10000000000.0,1685774538.4770298,-9999999985.034456
126,effortless-sweep-74,0.3,0.01,SAC-citation/denim-leaf-172,exp1_pseudo_random_sin,0.6,0.6,0,{'runtime': 8},9.089319944381714,14.965543983462323,5.221240098320814,1685774525.093826,9.744303885141507
127,swift-sweep-73,5e-05,0.05,SAC-citation/firm-feather-173,exp1_pseudo_random_sin,0.6,0.6,0,{'runtime': 8},9.0313241481781,20.585377984797297,33.06691571181316,1685774504.4012852,-12.481537727015862
128,azure-sweep-72,0.3,0.0001,SAC-citation/firm-feather-173,exp1_pseudo_random_sin,0.6,0.6,0,{'runtime': 8},9.139662027359009,20.585377984797297,6.967954825281192,1685774482.768192,13.617423159516106
129,playful-sweep-71,0.0001,0.7,SAC-citation/denim-leaf-172,exp1_pseudo_random_sin,0.6,0.6,0,{'runtime': 1},1.892711162567139,14.965543983462323,10000000000.0,1685774464.843054,-9999999985.034456
130,sunny-sweep-70,0.0001,0.0005,SAC-citation/denim-leaf-172,exp1_pseudo_random_sin,0.6,0.6,0,{'runtime': 8},9.002711057662964,14.965543983462323,42.3672494397506,1685774451.267524,-27.401705456288276
131,stellar-sweep-69,0.9,0.0001,SAC-citation/divine-grass-171,exp1_pseudo_random_sin,0.6,0.6,0,{'runtime': 8},9.066096067428589,16.011297433609993,5.392395704739968,1685774429.60504,10.618901728870023
132,hardy-sweep-68,0.2,0.1,SAC-citation/denim-leaf-172,exp1_pseudo_random_sin,0.6,0.6,0,{'runtime': 8},9.052613019943236,14.965543983462323,8.49366938865545,1685774408.888362,6.471874594806874
133,frosty-sweep-67,0.005,0.8,SAC-citation/firm-feather-173,exp1_pseudo_random_sin,0.6,0.6,0,{'runtime': 3},3.679879903793335,20.585377984797297,10000000000.0,1685774387.834708,-9999999979.41462
134,silvery-sweep-66,1e-05,0.005,SAC-citation/denim-leaf-172,exp1_pseudo_random_sin,0.6,0.6,0,{'runtime': 8},9.167747974395752,14.965543983462323,43.14533696613541,1685774372.432962,-28.179792982673085
135,lunar-sweep-65,0.05,0.6,SAC-citation/divine-grass-171,exp1_pseudo_random_sin,0.6,0.6,0,{'runtime': 8},9.191176891326904,16.011297433609993,4.995702809561896,1685774350.839274,11.015594624048097
136,curious-sweep-64,5e-05,0.0005,SAC-citation/denim-leaf-172,exp1_pseudo_random_sin,0.6,0.6,0,{'runtime': 8},9.00886869430542,14.965543983462323,43.10321802579982,1685774330.0105548,-28.137674042337498
137,serene-sweep-63,0.3,0.0005,SAC-citation/divine-grass-171,exp1_pseudo_random_sin,0.6,0.6,0,{'runtime': 8},9.214373111724854,16.011297433609993,6.181032087828831,1685774309.529901,9.83026534578116
138,effortless-sweep-62,0.0001,0.9,SAC-citation/divine-grass-171,exp1_pseudo_random_sin,0.6,0.6,0,{'runtime': 1},2.019683837890625,16.011297433609993,10000000000.0,1685774291.571421,-9999999983.988705
139,sunny-sweep-61,0.0001,5e-05,SAC-citation/divine-grass-171,exp1_pseudo_random_sin,0.6,0.6,0,{'runtime': 9},9.604533910751345,16.011297433609993,104.54846363101892,1685774278.407846,-88.53716619740894
140,flowing-sweep-60,0.2,0.05,SAC-citation/firm-feather-173,exp1_pseudo_random_sin,0.6,0.6,0,{'runtime': 8},9.007638931274414,20.585377984797297,9.797860941256872,1685774256.014967,10.787517043540426
141,super-sweep-59,0.005,0.005,SAC-citation/firm-feather-173,exp1_pseudo_random_sin,0.6,0.6,0,{'runtime': 8},9.173375129699709,20.585377984797297,25.00180508109648,1685774235.5099251,-4.416427096299181
142,distinctive-sweep-58,0.05,0.005,SAC-citation/denim-leaf-172,exp1_pseudo_random_sin,0.6,0.6,0,{'runtime': 8},9.035906791687012,14.965543983462323,6.79736281311345,1685774214.7241669,8.168181170348873
143,twilight-sweep-57,0.2,0.8,SAC-citation/firm-feather-173,exp1_pseudo_random_sin,0.6,0.6,0,{'runtime': 1},1.90321683883667,20.585377984797297,10000000000.0,1685774196.8537118,-9999999979.41462
144,proud-sweep-56,0.5,0.005,SAC-citation/denim-leaf-172,exp1_pseudo_random_sin,0.6,0.6,0,{'runtime': 8},9.197674989700316,14.965543983462323,6.4134511739754,1685774183.391936,8.552092809486924
145,effortless-sweep-55,0.7,0.7,SAC-citation/divine-grass-171,exp1_pseudo_random_sin,0.6,0.6,0,{'runtime': 1},1.8718690872192385,16.011297433609993,10000000000.0,1685774165.353615,-9999999983.988705
146,dulcet-sweep-54,0.05,0.7,SAC-citation/divine-grass-171,exp1_pseudo_random_sin,0.6,0.6,0,{'runtime': 1},1.944230079650879,16.011297433609993,10000000000.0,1685774154.713465,-9999999983.988705
147,laced-sweep-53,0.8,0.01,SAC-citation/firm-feather-173,exp1_pseudo_random_sin,0.6,0.6,0,{'runtime': 8},9.055246114730837,20.585377984797297,5.1247973131468,1685774140.13433,15.460580671650495
148,astral-sweep-52,0.6,0.6,SAC-citation/firm-feather-173,exp1_pseudo_random_sin,0.6,0.6,0,{'runtime': 1},1.979353189468384,20.585377984797297,10000000000.0,1685774122.4130602,-9999999979.41462
149,restful-sweep-51,1e-05,5e-05,SAC-citation/denim-leaf-172,exp1_pseudo_random_sin,0.6,0.6,0,{'runtime': 8},8.959995985031128,14.965543983462323,43.40338587084593,1685774108.731771,-28.437841887383605
150,vibrant-sweep-50,1e-05,0.01,SAC-citation/denim-leaf-172,exp1_pseudo_random_sin,0.6,0.6,0,{'runtime': 8},9.101251125335692,14.965543983462323,42.954794914141566,1685774087.138072,-27.98925093067924
151,dainty-sweep-49,0.2,0.4,SAC-citation/denim-leaf-172,exp1_pseudo_random_sin,0.6,0.6,0,{'runtime': 1},2.0609889030456543,14.965543983462323,10000000000.0,1685774069.5405009,-9999999985.034456
152,unique-sweep-48,0.001,0.0001,SAC-citation/denim-leaf-172,exp1_pseudo_random_sin,0.6,0.6,0,{'runtime': 8},9.017946004867554,14.965543983462323,28.80665098245932,1685774055.777044,-13.841106998996995
153,comfy-sweep-47,5e-05,5e-05,SAC-citation/firm-feather-173,exp1_pseudo_random_sin,0.6,0.6,0,{'runtime': 8},9.03565001487732,20.585377984797297,33.33722507033832,1685774035.074431,-12.751847085541025
154,legendary-sweep-46,0.6,0.6,SAC-citation/denim-leaf-172,exp1_pseudo_random_sin,0.6,0.6,0,{'runtime': 1},1.8294939994812012,14.965543983462323,10000000000.0,1685774017.143539,-9999999985.034456
155,polished-sweep-45,0.0001,0.005,SAC-citation/denim-leaf-172,exp1_pseudo_random_sin,0.6,0.6,0,{'runtime': 8},9.002876043319702,14.965543983462323,37.4825588038506,1685774002.676809,-22.517014820388276
156,solar-sweep-44,1e-05,0.6,SAC-citation/denim-leaf-172,exp1_pseudo_random_sin,0.6,0.6,0,{'runtime': 1},1.85699200630188,14.965543983462323,10000000000.0,1685773984.681387,-9999999985.034456
157,robust-sweep-43,0.0001,0.0001,SAC-citation/divine-grass-171,exp1_pseudo_random_sin,0.6,0.6,0,{'runtime': 8},9.066644191741943,16.011297433609993,112.79321045711175,1685773971.18073,-96.78191302350176
158,hardy-sweep-42,0.6,0.8,SAC-citation/denim-leaf-172,exp1_pseudo_random_sin,0.6,0.6,0,{'runtime': 1},1.8615949153900144,14.965543983462323,10000000000.0,1685773953.2667038,-9999999985.034456
159,azure-sweep-41,0.7,0.05,SAC-citation/divine-grass-171,exp1_pseudo_random_sin,0.6,0.6,0,{'runtime': 8},9.063973188400269,16.011297433609993,8.95021453558984,1685773939.8235362,7.061082898020153
160,stellar-sweep-40,0.0005,0.1,SAC-citation/firm-feather-173,exp1_pseudo_random_sin,0.6,0.6,0,{'runtime': 8},9.025651216506958,20.585377984797297,23.55420360600473,1685773919.085199,-2.968825621207433
161,celestial-sweep-39,0.05,0.005,SAC-citation/divine-grass-171,exp1_pseudo_random_sin,0.6,0.6,0,{'runtime': 8},9.10218906402588,16.011297433609993,14.82697722683982,1685773896.472696,1.184320206770174
162,charmed-sweep-38,0.0005,0.01,SAC-citation/divine-grass-171,exp1_pseudo_random_sin,0.6,0.6,0,{'runtime': 8},9.080651998519896,16.011297433609993,21.868488421526067,1685773875.595945,-5.8571909879160735
163,feasible-sweep-37,0.9,0.6,SAC-citation/divine-grass-171,exp1_pseudo_random_sin,0.6,0.6,0,{'runtime': 1},1.8166999816894531,16.011297433609993,10000000000.0,1685773857.430304,-9999999983.988705
164,glowing-sweep-36,5e-05,0.005,SAC-citation/divine-grass-171,exp1_pseudo_random_sin,0.6,0.6,0,{'runtime': 8},9.105837106704712,16.011297433609993,90.07008861884184,1685773843.95759,-74.05879118523184
165,gentle-sweep-35,0.005,0.1,SAC-citation/divine-grass-171,exp1_pseudo_random_sin,0.6,0.6,0,{'runtime': 8},9.021592855453491,16.011297433609993,7.196615502677751,1685773822.248808,8.814681930932242
166,zany-sweep-34,0.0001,0.01,SAC-citation/firm-feather-173,exp1_pseudo_random_sin,0.6,0.6,0,{'runtime': 8},9.030380964279177,20.585377984797297,31.735602380985036,1685773801.637735,-11.150224396187738
167,clean-sweep-33,0.4,0.8,SAC-citation/divine-grass-171,exp1_pseudo_random_sin,0.6,0.6,0,{'runtime': 1},1.9206743240356443,16.011297433609993,10000000000.0,1685773783.8770182,-9999999983.988705
168,tough-sweep-32,0.0005,1e-05,SAC-citation/firm-feather-173,exp1_pseudo_random_sin,0.6,0.6,0,{'runtime': 8},9.07174587249756,20.585377984797297,33.36159545444257,1685773770.367142,-12.776217469645276
169,stoic-sweep-31,0.01,0.8,SAC-citation/firm-feather-173,exp1_pseudo_random_sin,0.6,0.6,0,{'runtime': 8},9.078083992004396,20.585377984797297,8.332864060710278,1685773749.693908,12.25251392408702
170,likely-sweep-30,5e-05,0.9,SAC-citation/denim-leaf-172,exp1_pseudo_random_sin,0.6,0.6,0,{'runtime': 1},1.8731050491333008,14.965543983462323,10000000000.0,1685773731.733999,-9999999985.034456
171,true-sweep-29,0.2,0.6,SAC-citation/divine-grass-171,exp1_pseudo_random_sin,0.6,0.6,0,{'runtime': 1},1.8627910614013672,16.011297433609993,10000000000.0,1685773721.028592,-9999999983.988705
172,usual-sweep-28,0.2,0.05,SAC-citation/divine-grass-171,exp1_pseudo_random_sin,0.6,0.6,0,{'runtime': 8},9.098390102386476,16.011297433609993,15.443443501245165,1685773706.495404,0.5678539323648302
173,driven-sweep-27,0.0001,0.6,SAC-citation/divine-grass-171,exp1_pseudo_random_sin,0.6,0.6,0,{'runtime': 1},2.1087586879730225,16.011297433609993,10000000000.0,1685773688.7705238,-9999999983.988705
174,usual-sweep-26,0.3,0.01,SAC-citation/firm-feather-173,exp1_pseudo_random_sin,0.6,0.6,0,{'runtime': 8},9.024627923965454,20.585377984797297,4.9390372013881265,1685773674.937367,15.64634078340917
175,drawn-sweep-25,0.05,0.5,SAC-citation/denim-leaf-172,exp1_pseudo_random_sin,0.6,0.6,0,{'runtime': 8},9.065088748931885,14.965543983462323,6.379599349715841,1685773654.344978,8.585944633746482
176,warm-sweep-24,0.001,0.2,SAC-citation/denim-leaf-172,exp1_pseudo_random_sin,0.6,0.6,0,{'runtime': 8},8.995273113250732,14.965543983462323,16.348262855544004,1685773632.578526,-1.3827188720816803
177,crimson-sweep-23,0.05,0.4,SAC-citation/divine-grass-171,exp1_pseudo_random_sin,0.6,0.6,0,{'runtime': 8},9.005559921264648,16.011297433609993,5.8801060138063495,1685773613.942904,10.131191419803644
178,fragrant-sweep-22,0.001,0.6,SAC-citation/divine-grass-171,exp1_pseudo_random_sin,0.6,0.6,0,{'runtime': 1},2.299914836883545,16.011297433609993,10000000000.0,1685773594.6334898,-9999999983.988705
179,still-sweep-21,0.1,0.01,SAC-citation/divine-grass-171,exp1_pseudo_random_sin,0.6,0.6,0,{'runtime': 8},9.283655166625977,16.011297433609993,17.05845958617762,1685773580.295438,-1.0471621525676262
180,iconic-sweep-20,0.2,0.6,SAC-citation/divine-grass-171,exp1_pseudo_random_sin,0.6,0.6,0,{'runtime': 1},2.2592790126800537,16.011297433609993,10000000000.0,1685773558.012532,-9999999983.988705
181,kind-sweep-19,0.01,0.2,SAC-citation/firm-feather-173,exp1_pseudo_random_sin,0.6,0.6,0,{'runtime': 8},9.356112241744995,20.585377984797297,8.684119532001176,1685773543.7015932,11.90125845279612
182,still-sweep-18,5e-05,0.1,SAC-citation/firm-feather-173,exp1_pseudo_random_sin,0.6,0.6,0,{'runtime': 8},9.385662078857422,20.585377984797297,32.51933442847221,1685773523.281562,-11.933956443674916
183,playful-sweep-17,0.005,1e-05,SAC-citation/firm-feather-173,exp1_pseudo_random_sin,0.6,0.6,0,{'runtime': 8},9.207674980163574,20.585377984797297,32.955134194715605,1685773500.926192,-12.369756209918307
184,clean-sweep-16,0.01,0.9,SAC-citation/firm-feather-173,exp1_pseudo_random_sin,0.6,0.6,0,{'runtime': 8},9.263545036315918,20.585377984797297,8.40263201844696,1685773478.643332,12.182745966350335
185,eager-sweep-15,0.7,1e-05,SAC-citation/denim-leaf-172,exp1_pseudo_random_sin,0.6,0.6,0,{'runtime': 8},9.194565773010254,14.965543983462323,4.681403480443146,1685773458.1478689,10.284140503019175
186,noble-sweep-14,0.3,0.005,SAC-citation/denim-leaf-172,exp1_pseudo_random_sin,0.6,0.6,0,{'runtime': 8},9.018696069717407,14.965543983462323,6.473914707878892,1685773435.820509,8.491629275583431
187,charmed-sweep-13,0.1,0.4,SAC-citation/denim-leaf-172,exp1_pseudo_random_sin,0.6,0.6,0,{'runtime': 1},2.394434928894043,14.965543983462323,10000000000.0,1685773417.387133,-9999999985.034456
188,dauntless-sweep-12,0.5,0.4,SAC-citation/divine-grass-171,exp1_pseudo_random_sin,0.6,0.6,0,{'runtime': 1},2.3034870624542236,16.011297433609993,10000000000.0,1685773398.0105212,-9999999983.988705
189,swept-sweep-11,0.0005,0.5,SAC-citation/denim-leaf-172,exp1_pseudo_random_sin,0.6,0.6,0,{'runtime': 1},2.1821279525756836,14.965543983462323,10000000000.0,1685773386.4978828,-9999999985.034456
190,efficient-sweep-10,5e-05,0.05,SAC-citation/divine-grass-171,exp1_pseudo_random_sin,0.6,0.6,0,{'runtime': 8},9.226269006729126,16.011297433609993,86.15740079484561,1685773372.091524,-70.14610336123562
191,driven-sweep-9,0.5,0.1,SAC-citation/firm-feather-173,exp1_pseudo_random_sin,0.6,0.6,0,{'runtime': 8},9.28755497932434,20.585377984797297,6.598767386519115,1685773351.82629,13.986610598278183
192,eternal-sweep-8,0.3,0.9,SAC-citation/divine-grass-171,exp1_pseudo_random_sin,0.6,0.6,0,{'runtime': 1},1.8821921348571775,16.011297433609993,10000000000.0,1685773333.242773,-9999999983.988705
193,different-sweep-7,1e-05,0.7,SAC-citation/denim-leaf-172,exp1_pseudo_random_sin,0.6,0.6,0,{'runtime': 1},2.0682179927825928,14.965543983462323,10000000000.0,1685773322.504653,-9999999985.034456
194,vocal-sweep-6,0.001,0.9,SAC-citation/firm-feather-173,exp1_pseudo_random_sin,0.6,0.6,0,{'runtime': 1},1.9724857807159424,20.585377984797297,10000000000.0,1685773310.232998,-9999999979.41462
195,sage-sweep-5,0.8,0.7,SAC-citation/firm-feather-173,exp1_pseudo_random_sin,0.6,0.6,0,{'runtime': 1},2.223410129547119,20.585377984797297,10000000000.0,1685773291.165976,-9999999979.41462
196,jumping-sweep-4,0.005,0.1,SAC-citation/divine-grass-171,exp1_pseudo_random_sin,0.6,0.6,0,{'runtime': 8},9.237109184265137,16.011297433609993,11.005189824565136,1685773276.819564,5.006107609044857
197,warm-sweep-3,0.9,0.005,SAC-citation/firm-feather-173,exp1_pseudo_random_sin,0.6,0.6,0,{'runtime': 8},9.365278959274292,20.585377984797297,4.883782173442733,1685773254.6630569,15.701595811354563
198,soft-sweep-2,0.5,0.1,SAC-citation/firm-feather-173,exp1_pseudo_random_sin,0.6,0.6,0,{'runtime': 8},9.739902973175049,20.585377984797297,7.1009965086268,1685773234.188981,13.484381476170498
199,wild-sweep-1,0.0005,0.4,SAC-citation/divine-grass-171,exp1_pseudo_random_sin,0.6,0.6,0,{'runtime': 8},9.202697992324827,16.011297433609993,15.21141685661359,1685773212.33273,0.7998805769964026
