"train/step","dutiful-jazz-18 - _step","dutiful-jazz-18 - _step__MIN","dutiful-jazz-18 - _step__MAX","dutiful-jazz-18 - train/return","dutiful-jazz-18 - train/return__MIN","dutiful-jazz-18 - train/return__MAX","spring-monkey-16 - _step","spring-monkey-16 - _step__MIN","spring-monkey-16 - _step__MAX","spring-monkey-16 - train/return","spring-monkey-16 - train/return__MIN","spring-monkey-16 - train/return__MAX","wise-donkey-14 - _step","wise-donkey-14 - _step__MIN","wise-donkey-14 - _step__MAX","wise-donkey-14 - train/return","wise-donkey-14 - train/return__MIN","wise-donkey-14 - train/return__MAX","honest-fog-12 - _step","honest-fog-12 - _step__MIN","honest-fog-12 - _step__MAX","honest-fog-12 - train/return","honest-fog-12 - train/return__MIN","honest-fog-12 - train/return__MAX","sage-vortex-11 - _step","sage-vortex-11 - _step__MIN","sage-vortex-11 - _step__MAX","sage-vortex-11 - train/return","sage-vortex-11 - train/return__MIN","sage-vortex-11 - train/return__MAX"
"999","0","0","0","-7836.738341776837","-7836.738341776837","-7836.738341776837","0","0","0","-9049.868077492925","-9049.868077492925","-9049.868077492925","0","0","0","-8242.375049111435","-8242.375049111435","-8242.375049111435","0","0","0","-8599.21997834363","-8599.21997834363","-8599.21997834363","0","0","0","-9089.765415932445","-9089.765415932445","-9089.765415932445"
"1999","1","1","1","-7291.114568035543","-7291.114568035543","-7291.114568035543","1","1","1","-7667.777005580056","-7667.777005580056","-7667.777005580056","1","1","1","-6742.408228315201","-6742.408228315201","-6742.408228315201","1","1","1","-6950.210494060822","-6950.210494060822","-6950.210494060822","1","1","1","-7179.644595718019","-7179.644595718019","-7179.644595718019"
"2999","2","2","2","-2330.140690723932","-2330.140690723932","-2330.140690723932","2","2","2","-5997.946245710355","-5997.946245710355","-5997.946245710355","2","2","2","-5730.29647908954","-5730.29647908954","-5730.29647908954","2","2","2","-4725.504349839207","-4725.504349839207","-4725.504349839207","2","2","2","-5187.490612835269","-5187.490612835269","-5187.490612835269"
"3999","3","3","3","-430.5038465365752","-430.5038465365752","-430.5038465365752","3","3","3","-7146.770886484201","-7146.770886484201","-7146.770886484201","3","3","3","-2696.563513469547","-2696.563513469547","-2696.563513469547","3","3","3","-1554.2252162241173","-1554.2252162241173","-1554.2252162241173","3","3","3","-2905.841657349177","-2905.841657349177","-2905.841657349177"
"4999","4","4","4","-359.4153347276478","-359.4153347276478","-359.4153347276478","4","4","4","-5458.385560919524","-5458.385560919524","-5458.385560919524","4","4","4","-1467.5157337397943","-1467.5157337397943","-1467.5157337397943","4","4","4","-252.1579232081762","-252.1579232081762","-252.1579232081762","4","4","4","-1295.9881892024312","-1295.9881892024312","-1295.9881892024312"
"5999","5","5","5","-127.64527594409289","-127.64527594409289","-127.64527594409289","5","5","5","-3790.664515401578","-3790.664515401578","-3790.664515401578","5","5","5","-339.14605616774287","-339.14605616774287","-339.14605616774287","5","5","5","-128.83263868515368","-128.83263868515368","-128.83263868515368","5","5","5","-121.3589522218192","-121.3589522218192","-121.3589522218192"
"6999","6","6","6","-130.1308882820124","-130.1308882820124","-130.1308882820124","6","6","6","-2689.085755243646","-2689.085755243646","-2689.085755243646","6","6","6","-249.97022456929423","-249.97022456929423","-249.97022456929423","6","6","6","-124.40660832155545","-124.40660832155545","-124.40660832155545","6","6","6","-121.91357410626807","-121.91357410626807","-121.91357410626807"
"7999","7","7","7","-127.6536735397616","-127.6536735397616","-127.6536735397616","7","7","7","-1287.3762841323564","-1287.3762841323564","-1287.3762841323564","7","7","7","-125.4133340739688","-125.4133340739688","-125.4133340739688","7","7","7","-327.12955813982586","-327.12955813982586","-327.12955813982586","7","7","7","-122.13225488068214","-122.13225488068214","-122.13225488068214"
"8999","8","8","8","-276.0266976700075","-276.0266976700075","-276.0266976700075","8","8","8","-248.865696692621","-248.865696692621","-248.865696692621","8","8","8","-120.81736593105943","-120.81736593105943","-120.81736593105943","8","8","8","-128.1567304623129","-128.1567304623129","-128.1567304623129","8","8","8","-234.47240879088906","-234.47240879088906","-234.47240879088906"
"9999","9","9","9","-121.53689877620756","-121.53689877620756","-121.53689877620756","9","9","9","-128.10650412201886","-128.10650412201886","-128.10650412201886","9","9","9","-3.6692677235751803","-3.6692677235751803","-3.6692677235751803","9","9","9","-118.10072913418861","-118.10072913418861","-118.10072913418861","9","9","9","-355.2210502224709","-355.2210502224709","-355.2210502224709"
"10999","10","10","10","-121.91459372358536","-121.91459372358536","-121.91459372358536","10","10","10","-126.53464138903492","-126.53464138903492","-126.53464138903492","10","10","10","-125.81175574321114","-125.81175574321114","-125.81175574321114","10","10","10","-121.54801701366489","-121.54801701366489","-121.54801701366489","10","10","10","-226.22830653257782","-226.22830653257782","-226.22830653257782"
"11999","11","11","11","-8123.181841651573","-8123.181841651573","-8123.181841651573","11","11","11","-124.41013154454139","-124.41013154454139","-124.41013154454139","11","11","11","-129.0210925212175","-129.0210925212175","-129.0210925212175","11","11","11","-125.02737470264184","-125.02737470264184","-125.02737470264184","11","11","11","-122.18192949193472","-122.18192949193472","-122.18192949193472"
"12999","12","12","12","-239.9095839937231","-239.9095839937231","-239.9095839937231","12","12","12","-246.2918265606163","-246.2918265606163","-246.2918265606163","12","12","12","-127.91473412177808","-127.91473412177808","-127.91473412177808","12","12","12","-128.91561961869112","-128.91561961869112","-128.91561961869112","12","12","12","-126.59761199258571","-126.59761199258571","-126.59761199258571"
"13999","13","13","13","-130.65603432471912","-130.65603432471912","-130.65603432471912","13","13","13","-262.98149151939396","-262.98149151939396","-262.98149151939396","13","13","13","-335.7917687578685","-335.7917687578685","-335.7917687578685","13","13","13","-124.73306783638297","-124.73306783638297","-124.73306783638297","13","13","13","-123.06994376873963","-123.06994376873963","-123.06994376873963"
"14999","14","14","14","-128.82879123050057","-128.82879123050057","-128.82879123050057","14","14","14","-249.8712782500336","-249.8712782500336","-249.8712782500336","14","14","14","-244.95079718267752","-244.95079718267752","-244.95079718267752","14","14","14","-122.51859970000707","-122.51859970000707","-122.51859970000707","14","14","14","-229.99675764061544","-229.99675764061544","-229.99675764061544"
"15999","15","15","15","-252.66571392176752","-252.66571392176752","-252.66571392176752","15","15","15","-125.7460932094377","-125.7460932094377","-125.7460932094377","15","15","15","-4.395764185749281","-4.395764185749281","-4.395764185749281","15","15","15","-241.52840527578547","-241.52840527578547","-241.52840527578547","15","15","15","-126.51359135419283","-126.51359135419283","-126.51359135419283"
"16999","16","16","16","-127.0002142246701","-127.0002142246701","-127.0002142246701","16","16","16","-128.6324153332801","-128.6324153332801","-128.6324153332801","16","16","16","-304.07483617439385","-304.07483617439385","-304.07483617439385","16","16","16","-130.79332307249226","-130.79332307249226","-130.79332307249226","16","16","16","-120.73544314049731","-120.73544314049731","-120.73544314049731"
"17999","17","17","17","-129.79852228530666","-129.79852228530666","-129.79852228530666","17","17","17","-242.43719434224724","-242.43719434224724","-242.43719434224724","17","17","17","-238.82630716840234","-238.82630716840234","-238.82630716840234","17","17","17","-234.72542714440493","-234.72542714440493","-234.72542714440493","17","17","17","-121.20276190479196","-121.20276190479196","-121.20276190479196"
"18999","18","18","18","-127.74031011787329","-127.74031011787329","-127.74031011787329","18","18","18","-241.578920861897","-241.578920861897","-241.578920861897","18","18","18","-132.57677549833636","-132.57677549833636","-132.57677549833636","18","18","18","-118.18915131197726","-118.18915131197726","-118.18915131197726","18","18","18","-116.36493629958059","-116.36493629958059","-116.36493629958059"
"19999","19","19","19","-237.75005388553063","-237.75005388553063","-237.75005388553063","19","19","19","-377.9120562156124","-377.9120562156124","-377.9120562156124","19","19","19","-250.73354785897757","-250.73354785897757","-250.73354785897757","19","19","19","-119.93958388448996","-119.93958388448996","-119.93958388448996","19","19","19","-128.73288248561818","-128.73288248561818","-128.73288248561818"
"20999","20","20","20","-6.227698670511416","-6.227698670511416","-6.227698670511416","20","20","20","-325.8986024608337","-325.8986024608337","-325.8986024608337","20","20","20","-125.34188713371762","-125.34188713371762","-125.34188713371762","20","20","20","-124.43050236414457","-124.43050236414457","-124.43050236414457","20","20","20","-126.46839179712197","-126.46839179712197","-126.46839179712197"
"21999","21","21","21","-260.4851124235926","-260.4851124235926","-260.4851124235926","21","21","21","-129.42091040909963","-129.42091040909963","-129.42091040909963","21","21","21","-248.26127895078818","-248.26127895078818","-248.26127895078818","21","21","21","-129.36783516658974","-129.36783516658974","-129.36783516658974","21","21","21","-123.27858668399014","-123.27858668399014","-123.27858668399014"
"22999","22","22","22","-124.54575651278947","-124.54575651278947","-124.54575651278947","22","22","22","-355.2756523178331","-355.2756523178331","-355.2756523178331","22","22","22","-246.85607799647346","-246.85607799647346","-246.85607799647346","22","22","22","-122.93649547655663","-122.93649547655663","-122.93649547655663","22","22","22","-251.7400717706542","-251.7400717706542","-251.7400717706542"
"23999","23","23","23","-129.53086263282947","-129.53086263282947","-129.53086263282947","23","23","23","-122.68745267126873","-122.68745267126873","-122.68745267126873","23","23","23","-134.6664250971597","-134.6664250971597","-134.6664250971597","23","23","23","-7.432389105433061","-7.432389105433061","-7.432389105433061","23","23","23","-121.11358657371537","-121.11358657371537","-121.11358657371537"
"24999","24","24","24","-129.89362348155638","-129.89362348155638","-129.89362348155638","24","24","24","-332.95559188053403","-332.95559188053403","-332.95559188053403","24","24","24","-11.13628196011452","-11.13628196011452","-11.13628196011452","24","24","24","-129.94808739799367","-129.94808739799367","-129.94808739799367","24","24","24","-131.20770710268863","-131.20770710268863","-131.20770710268863"
"25999","25","25","25","-126.72837676641255","-126.72837676641255","-126.72837676641255","25","25","25","-129.99204600466254","-129.99204600466254","-129.99204600466254","25","25","25","-245.14785443254533","-245.14785443254533","-245.14785443254533","25","25","25","-127.49304289907097","-127.49304289907097","-127.49304289907097","25","25","25","-239.4218920204861","-239.4218920204861","-239.4218920204861"
"26999","26","26","26","-244.78150502753442","-244.78150502753442","-244.78150502753442","26","26","26","-323.81432233505495","-323.81432233505495","-323.81432233505495","26","26","26","-129.23752366792797","-129.23752366792797","-129.23752366792797","26","26","26","-314.02503353456257","-314.02503353456257","-314.02503353456257","26","26","26","-128.07670954691866","-128.07670954691866","-128.07670954691866"
"27999","27","27","27","-351.9619998749738","-351.9619998749738","-351.9619998749738","27","27","27","-238.15446409341067","-238.15446409341067","-238.15446409341067","27","27","27","-123.33043557459605","-123.33043557459605","-123.33043557459605","27","27","27","-125.54236820362726","-125.54236820362726","-125.54236820362726","27","27","27","-362.7797329872826","-362.7797329872826","-362.7797329872826"
"28999","28","28","28","-125.37205478776004","-125.37205478776004","-125.37205478776004","28","28","28","-1948.048659710501","-1948.048659710501","-1948.048659710501","28","28","28","-128.13403292028408","-128.13403292028408","-128.13403292028408","28","28","28","-127.07989746740719","-127.07989746740719","-127.07989746740719","28","28","28","-127.60414693224277","-127.60414693224277","-127.60414693224277"
"29999","29","29","29","-119.2327644503498","-119.2327644503498","-119.2327644503498","29","29","29","-2.9606897097233174","-2.9606897097233174","-2.9606897097233174","29","29","29","-371.4309008605455","-371.4309008605455","-371.4309008605455","29","29","29","-131.04208642148825","-131.04208642148825","-131.04208642148825","29","29","29","-5.33641216933779","-5.33641216933779","-5.33641216933779"
"30999","30","30","30","-130.64264001267318","-130.64264001267318","-130.64264001267318","30","30","30","-134.16932985338923","-134.16932985338923","-134.16932985338923","30","30","30","-235.65807911010447","-235.65807911010447","-235.65807911010447","30","30","30","-125.36684584409201","-125.36684584409201","-125.36684584409201","30","30","30","-233.2535016480387","-233.2535016480387","-233.2535016480387"
"31999","31","31","31","-125.0793583306326","-125.0793583306326","-125.0793583306326","31","31","31","-300.2178341231737","-300.2178341231737","-300.2178341231737","31","31","31","-124.14963717094076","-124.14963717094076","-124.14963717094076","31","31","31","-237.1357254108982","-237.1357254108982","-237.1357254108982","31","31","31","-129.59434480967522","-129.59434480967522","-129.59434480967522"
"32999","32","32","32","-127.11714901195326","-127.11714901195326","-127.11714901195326","32","32","32","-362.78303754429646","-362.78303754429646","-362.78303754429646","32","32","32","-128.045541769634","-128.045541769634","-128.045541769634","32","32","32","-128.05648921906652","-128.05648921906652","-128.05648921906652","32","32","32","-8.337666927088856","-8.337666927088856","-8.337666927088856"
"33999","33","33","33","-380.70402833006943","-380.70402833006943","-380.70402833006943","33","33","33","-248.34175242093963","-248.34175242093963","-248.34175242093963","33","33","33","-126.77469439604303","-126.77469439604303","-126.77469439604303","33","33","33","-337.0187412715141","-337.0187412715141","-337.0187412715141","33","33","33","-363.476981801886","-363.476981801886","-363.476981801886"
"34999","34","34","34","-120.92041971345145","-120.92041971345145","-120.92041971345145","34","34","34","-245.7463805604155","-245.7463805604155","-245.7463805604155","34","34","34","-233.9042555343344","-233.9042555343344","-233.9042555343344","34","34","34","-250.79282403637495","-250.79282403637495","-250.79282403637495","34","34","34","-237.05272774373137","-237.05272774373137","-237.05272774373137"
"35999","35","35","35","-125.9977373523126","-125.9977373523126","-125.9977373523126","35","35","35","-248.85539188037055","-248.85539188037055","-248.85539188037055","35","35","35","-121.9318991816666","-121.9318991816666","-121.9318991816666","35","35","35","-130.89302223532488","-130.89302223532488","-130.89302223532488","35","35","35","-123.47742434867915","-123.47742434867915","-123.47742434867915"
"36999","36","36","36","-122.44410613394506","-122.44410613394506","-122.44410613394506","36","36","36","-123.97351568284256","-123.97351568284256","-123.97351568284256","36","36","36","-124.4904773824813","-124.4904773824813","-124.4904773824813","36","36","36","-128.92976032020505","-128.92976032020505","-128.92976032020505","36","36","36","-123.83409506919202","-123.83409506919202","-123.83409506919202"
"37999","37","37","37","-125.93590405423737","-125.93590405423737","-125.93590405423737","37","37","37","-233.62927661605696","-233.62927661605696","-233.62927661605696","37","37","37","-5.964854456027917","-5.964854456027917","-5.964854456027917","37","37","37","-257.3777276863167","-257.3777276863167","-257.3777276863167","37","37","37","-125.59040781599293","-125.59040781599293","-125.59040781599293"
"38999","38","38","38","-6.553405893434654","-6.553405893434654","-6.553405893434654","38","38","38","-226.34616944183588","-226.34616944183588","-226.34616944183588","38","38","38","-124.97292874127683","-124.97292874127683","-124.97292874127683","38","38","38","-9.922294444263455","-9.922294444263455","-9.922294444263455","38","38","38","-122.51228127027302","-122.51228127027302","-122.51228127027302"
"39999","39","39","39","-129.57618007200685","-129.57618007200685","-129.57618007200685","39","39","39","-242.52770318173808","-242.52770318173808","-242.52770318173808","39","39","39","-8.602364279800806","-8.602364279800806","-8.602364279800806","39","39","39","-132.2620185556435","-132.2620185556435","-132.2620185556435","39","39","39","-241.9933950693056","-241.9933950693056","-241.9933950693056"
"40999","40","40","40","-130.3403374455173","-130.3403374455173","-130.3403374455173","40","40","40","-5.43470757310397","-5.43470757310397","-5.43470757310397","40","40","40","-132.47890637500947","-132.47890637500947","-132.47890637500947","40","40","40","-129.33896941729523","-129.33896941729523","-129.33896941729523","40","40","40","-128.09002725589966","-128.09002725589966","-128.09002725589966"
"41999","41","41","41","-129.41418871287894","-129.41418871287894","-129.41418871287894","41","41","41","-242.22123325181596","-242.22123325181596","-242.22123325181596","41","41","41","-126.99553848006822","-126.99553848006822","-126.99553848006822","41","41","41","-236.09769298429023","-236.09769298429023","-236.09769298429023","41","41","41","-127.11595854657715","-127.11595854657715","-127.11595854657715"
"42999","42","42","42","-129.74444869377328","-129.74444869377328","-129.74444869377328","42","42","42","-263.6307162502449","-263.6307162502449","-263.6307162502449","42","42","42","-126.19313846805224","-126.19313846805224","-126.19313846805224","42","42","42","-5.053045580022318","-5.053045580022318","-5.053045580022318","42","42","42","-352.6556440444909","-352.6556440444909","-352.6556440444909"
"43999","43","43","43","-123.85455044986652","-123.85455044986652","-123.85455044986652","43","43","43","-133.15611336891735","-133.15611336891735","-133.15611336891735","43","43","43","-235.2743809740142","-235.2743809740142","-235.2743809740142","43","43","43","-123.19421911059031","-123.19421911059031","-123.19421911059031","43","43","43","-120.77456384870074","-120.77456384870074","-120.77456384870074"
"44999","44","44","44","-124.25046823153413","-124.25046823153413","-124.25046823153413","44","44","44","-365.49862136101973","-365.49862136101973","-365.49862136101973","44","44","44","-122.16849298742743","-122.16849298742743","-122.16849298742743","44","44","44","-5.965950232905522","-5.965950232905522","-5.965950232905522","44","44","44","-121.90803147242264","-121.90803147242264","-121.90803147242264"
"45999","45","45","45","-242.78212952252935","-242.78212952252935","-242.78212952252935","45","45","45","-377.7668368044243","-377.7668368044243","-377.7668368044243","45","45","45","-344.1647546217253","-344.1647546217253","-344.1647546217253","45","45","45","-129.8461712471353","-129.8461712471353","-129.8461712471353","45","45","45","-125.55509990526147","-125.55509990526147","-125.55509990526147"
"46999","46","46","46","-126.77342726251811","-126.77342726251811","-126.77342726251811","46","46","46","-248.66567560602724","-248.66567560602724","-248.66567560602724","46","46","46","-6.508718814715401","-6.508718814715401","-6.508718814715401","46","46","46","-125.2314244371174","-125.2314244371174","-125.2314244371174","46","46","46","-131.68715497931495","-131.68715497931495","-131.68715497931495"
"47999","47","47","47","-348.0571555624431","-348.0571555624431","-348.0571555624431","47","47","47","-239.27033314505326","-239.27033314505326","-239.27033314505326","47","47","47","-133.39014169557183","-133.39014169557183","-133.39014169557183","47","47","47","-125.56023164223144","-125.56023164223144","-125.56023164223144","47","47","47","-7.431134979108228","-7.431134979108228","-7.431134979108228"
"48999","48","48","48","-245.17697773910785","-245.17697773910785","-245.17697773910785","48","48","48","-128.17030649786108","-128.17030649786108","-128.17030649786108","48","48","48","-128.36499619093746","-128.36499619093746","-128.36499619093746","48","48","48","-135.468995719013","-135.468995719013","-135.468995719013","48","48","48","-126.3463310614224","-126.3463310614224","-126.3463310614224"
"49999","49","49","49","-128.83726214070114","-128.83726214070114","-128.83726214070114","49","49","49","-256.700645167584","-256.700645167584","-256.700645167584","49","49","49","-129.2331635857096","-129.2331635857096","-129.2331635857096","49","49","49","-134.613184922424","-134.613184922424","-134.613184922424","49","49","49","-123.81530769728914","-123.81530769728914","-123.81530769728914"
"50999","50","50","50","-132.79052052023178","-132.79052052023178","-132.79052052023178","50","50","50","-350.21585677679786","-350.21585677679786","-350.21585677679786","50","50","50","-121.35686066643751","-121.35686066643751","-121.35686066643751","50","50","50","-135.2655225514413","-135.2655225514413","-135.2655225514413","50","50","50","-4.977372167622551","-4.977372167622551","-4.977372167622551"
"51999","51","51","51","-251.85296443862967","-251.85296443862967","-251.85296443862967","51","51","51","-240.50170916295235","-240.50170916295235","-240.50170916295235","51","51","51","-239.04925241539303","-239.04925241539303","-239.04925241539303","51","51","51","-5.117235592367539","-5.117235592367539","-5.117235592367539","51","51","51","-4.889023658079484","-4.889023658079484","-4.889023658079484"
"52999","52","52","52","-130.3525182080632","-130.3525182080632","-130.3525182080632","52","52","52","-121.03835676650752","-121.03835676650752","-121.03835676650752","52","52","52","-125.00983072404419","-125.00983072404419","-125.00983072404419","52","52","52","-126.11363558493545","-126.11363558493545","-126.11363558493545","52","52","52","-129.55993391525817","-129.55993391525817","-129.55993391525817"
"53999","53","53","53","-242.26537814629395","-242.26537814629395","-242.26537814629395","53","53","53","-126.4401388071782","-126.4401388071782","-126.4401388071782","53","53","53","-123.80655892043939","-123.80655892043939","-123.80655892043939","53","53","53","-131.7360366542342","-131.7360366542342","-131.7360366542342","53","53","53","-241.82093827212833","-241.82093827212833","-241.82093827212833"
"54999","54","54","54","-122.03831755812845","-122.03831755812845","-122.03831755812845","54","54","54","-126.0416529326493","-126.0416529326493","-126.0416529326493","54","54","54","-253.84488582817096","-253.84488582817096","-253.84488582817096","54","54","54","-129.92175669659753","-129.92175669659753","-129.92175669659753","54","54","54","-236.96842228927238","-236.96842228927238","-236.96842228927238"
"55999","55","55","55","-129.87551151563756","-129.87551151563756","-129.87551151563756","55","55","55","-129.02052504361205","-129.02052504361205","-129.02052504361205","55","55","55","-127.61531720583977","-127.61531720583977","-127.61531720583977","55","55","55","-132.02566060726525","-132.02566060726525","-132.02566060726525","55","55","55","-291.21348706215633","-291.21348706215633","-291.21348706215633"
"56999","56","56","56","-129.21261857820278","-129.21261857820278","-129.21261857820278","56","56","56","-314.24538850949057","-314.24538850949057","-314.24538850949057","56","56","56","-121.76353717472885","-121.76353717472885","-121.76353717472885","56","56","56","-124.64242593503532","-124.64242593503532","-124.64242593503532","56","56","56","-235.39583502774056","-235.39583502774056","-235.39583502774056"
"57999","57","57","57","-124.11647038295273","-124.11647038295273","-124.11647038295273","57","57","57","-8.756593463227375","-8.756593463227375","-8.756593463227375","57","57","57","-129.71491640825838","-129.71491640825838","-129.71491640825838","57","57","57","-127.67433574374836","-127.67433574374836","-127.67433574374836","57","57","57","-128.5682342951612","-128.5682342951612","-128.5682342951612"
"58999","58","58","58","-7.1450482171734535","-7.1450482171734535","-7.1450482171734535","58","58","58","-351.5519230923409","-351.5519230923409","-351.5519230923409","58","58","58","-127.71618685488367","-127.71618685488367","-127.71618685488367","58","58","58","-240.9117310222866","-240.9117310222866","-240.9117310222866","58","58","58","-126.72615593153584","-126.72615593153584","-126.72615593153584"
"59999","59","59","59","-350.5222439167684","-350.5222439167684","-350.5222439167684","59","59","59","-133.58089356300252","-133.58089356300252","-133.58089356300252","59","59","59","-126.84450999156724","-126.84450999156724","-126.84450999156724","59","59","59","-237.87074350059197","-237.87074350059197","-237.87074350059197","59","59","59","-128.94801413442474","-128.94801413442474","-128.94801413442474"
"60999","60","60","60","-126.4307039775797","-126.4307039775797","-126.4307039775797","60","60","60","-134.04093920215962","-134.04093920215962","-134.04093920215962","60","60","60","-133.1527467521661","-133.1527467521661","-133.1527467521661","60","60","60","-122.48739055680832","-122.48739055680832","-122.48739055680832","60","60","60","-4.788670879276879","-4.788670879276879","-4.788670879276879"
"61999","61","61","61","-246.0801628389748","-246.0801628389748","-246.0801628389748","61","61","61","-236.0822658207435","-236.0822658207435","-236.0822658207435","61","61","61","-128.2129383541395","-128.2129383541395","-128.2129383541395","61","61","61","-235.44610356353655","-235.44610356353655","-235.44610356353655","61","61","61","-338.48284651561875","-338.48284651561875","-338.48284651561875"
"62999","62","62","62","-131.01615655491938","-131.01615655491938","-131.01615655491938","62","62","62","-125.92661862291948","-125.92661862291948","-125.92661862291948","62","62","62","-249.5475603659086","-249.5475603659086","-249.5475603659086","62","62","62","-244.37031896704136","-244.37031896704136","-244.37031896704136","62","62","62","-4.404823142837728","-4.404823142837728","-4.404823142837728"
"63999","63","63","63","-130.7132608779672","-130.7132608779672","-130.7132608779672","63","63","63","-235.89480638885672","-235.89480638885672","-235.89480638885672","63","63","63","-136.18380475260727","-136.18380475260727","-136.18380475260727","63","63","63","-7.1346407657665","-7.1346407657665","-7.1346407657665","63","63","63","-255.66603630823897","-255.66603630823897","-255.66603630823897"
"64999","64","64","64","-121.99119801262825","-121.99119801262825","-121.99119801262825","64","64","64","-239.23093082142648","-239.23093082142648","-239.23093082142648","64","64","64","-243.86889582415853","-243.86889582415853","-243.86889582415853","64","64","64","-124.32110555685838","-124.32110555685838","-124.32110555685838","64","64","64","-124.64041948267987","-124.64041948267987","-124.64041948267987"
"65999","65","65","65","-125.89724867737054","-125.89724867737054","-125.89724867737054","65","65","65","-242.54697925527609","-242.54697925527609","-242.54697925527609","65","65","65","-242.79606658376468","-242.79606658376468","-242.79606658376468","65","65","65","-127.83194472961793","-127.83194472961793","-127.83194472961793","65","65","65","-348.20038949289216","-348.20038949289216","-348.20038949289216"
"66999","66","66","66","-120.63293887821938","-120.63293887821938","-120.63293887821938","66","66","66","-128.08456813968067","-128.08456813968067","-128.08456813968067","66","66","66","-365.67283493682385","-365.67283493682385","-365.67283493682385","66","66","66","-234.9026623846284","-234.9026623846284","-234.9026623846284","66","66","66","-235.21838804696762","-235.21838804696762","-235.21838804696762"
"67999","67","67","67","-6.2898316157956","-6.2898316157956","-6.2898316157956","67","67","67","-126.916175223171","-126.916175223171","-126.916175223171","67","67","67","-6.0140568585976295","-6.0140568585976295","-6.0140568585976295","67","67","67","-130.59802720323145","-130.59802720323145","-130.59802720323145","67","67","67","-240.770635938434","-240.770635938434","-240.770635938434"
"68999","68","68","68","-126.3912835918105","-126.3912835918105","-126.3912835918105","68","68","68","-132.5515930918601","-132.5515930918601","-132.5515930918601","68","68","68","-130.05348732056112","-130.05348732056112","-130.05348732056112","68","68","68","-241.91963190471125","-241.91963190471125","-241.91963190471125","68","68","68","-226.27710371803047","-226.27710371803047","-226.27710371803047"
"69999","69","69","69","-238.3383190368588","-238.3383190368588","-238.3383190368588","69","69","69","-130.8558887157366","-130.8558887157366","-130.8558887157366","69","69","69","-125.01672395072669","-125.01672395072669","-125.01672395072669","69","69","69","-129.60716305290197","-129.60716305290197","-129.60716305290197","69","69","69","-238.5692462736442","-238.5692462736442","-238.5692462736442"
"70999","70","70","70","-126.82376964319708","-126.82376964319708","-126.82376964319708","70","70","70","-131.57631849872774","-131.57631849872774","-131.57631849872774","70","70","70","-120.98837966196517","-120.98837966196517","-120.98837966196517","70","70","70","-382.1138116129767","-382.1138116129767","-382.1138116129767","70","70","70","-121.21187382109034","-121.21187382109034","-121.21187382109034"
"71999","71","71","71","-129.7991900346908","-129.7991900346908","-129.7991900346908","71","71","71","-7.128909419057905","-7.128909419057905","-7.128909419057905","71","71","71","-239.2959106905962","-239.2959106905962","-239.2959106905962","71","71","71","-132.57043187517283","-132.57043187517283","-132.57043187517283","71","71","71","-126.73903686480763","-126.73903686480763","-126.73903686480763"
"72999","72","72","72","-130.09995643202498","-130.09995643202498","-130.09995643202498","72","72","72","-254.68270899561185","-254.68270899561185","-254.68270899561185","72","72","72","-130.38263107164065","-130.38263107164065","-130.38263107164065","72","72","72","-132.05367239141583","-132.05367239141583","-132.05367239141583","72","72","72","-126.6580960003565","-126.6580960003565","-126.6580960003565"
"73999","73","73","73","-7.608401239844308","-7.608401239844308","-7.608401239844308","73","73","73","-127.79782203231892","-127.79782203231892","-127.79782203231892","73","73","73","-7.216379384662686","-7.216379384662686","-7.216379384662686","73","73","73","-121.26063549492471","-121.26063549492471","-121.26063549492471","73","73","73","-127.43570879888665","-127.43570879888665","-127.43570879888665"
"74999","74","74","74","-130.6484902475264","-130.6484902475264","-130.6484902475264","74","74","74","-123.12925988197668","-123.12925988197668","-123.12925988197668","74","74","74","-126.37399572910867","-126.37399572910867","-126.37399572910867","74","74","74","-239.90501502162945","-239.90501502162945","-239.90501502162945","74","74","74","-129.96686021345303","-129.96686021345303","-129.96686021345303"
"75999","75","75","75","-234.8540488919417","-234.8540488919417","-234.8540488919417","75","75","75","-134.49043204634492","-134.49043204634492","-134.49043204634492","75","75","75","-236.10585809039813","-236.10585809039813","-236.10585809039813","75","75","75","-121.26632283607763","-121.26632283607763","-121.26632283607763","75","75","75","-4.798394542721687","-4.798394542721687","-4.798394542721687"
"76999","76","76","76","-232.53673735770073","-232.53673735770073","-232.53673735770073","76","76","76","-359.8142043811425","-359.8142043811425","-359.8142043811425","76","76","76","-120.20824485026642","-120.20824485026642","-120.20824485026642","76","76","76","-234.53010803944736","-234.53010803944736","-234.53010803944736","76","76","76","-126.64319234561752","-126.64319234561752","-126.64319234561752"
"77999","77","77","77","-127.37621437626817","-127.37621437626817","-127.37621437626817","77","77","77","-248.87470505074563","-248.87470505074563","-248.87470505074563","77","77","77","-6.691494528676262","-6.691494528676262","-6.691494528676262","77","77","77","-125.77998487512993","-125.77998487512993","-125.77998487512993","77","77","77","-124.34327964518235","-124.34327964518235","-124.34327964518235"
"78999","78","78","78","-124.59282495470077","-124.59282495470077","-124.59282495470077","78","78","78","-131.7714059210929","-131.7714059210929","-131.7714059210929","78","78","78","-126.86832160045836","-126.86832160045836","-126.86832160045836","78","78","78","-232.23178705717513","-232.23178705717513","-232.23178705717513","78","78","78","-125.98535075021643","-125.98535075021643","-125.98535075021643"
"79999","79","79","79","-125.38026717362419","-125.38026717362419","-125.38026717362419","79","79","79","-123.5887730435784","-123.5887730435784","-123.5887730435784","79","79","79","-6.324088867976684","-6.324088867976684","-6.324088867976684","79","79","79","-125.3488167795175","-125.3488167795175","-125.3488167795175","79","79","79","-234.353232556603","-234.353232556603","-234.353232556603"
"80999","80","80","80","-127.9546276711857","-127.9546276711857","-127.9546276711857","80","80","80","-349.48435672066563","-349.48435672066563","-349.48435672066563","80","80","80","-9.008420501713891","-9.008420501713891","-9.008420501713891","80","80","80","-126.17623752106941","-126.17623752106941","-126.17623752106941","80","80","80","-232.15193261234108","-232.15193261234108","-232.15193261234108"
"81999","81","81","81","-243.1720597451606","-243.1720597451606","-243.1720597451606","81","81","81","-8.408055201586324","-8.408055201586324","-8.408055201586324","81","81","81","-337.706581923372","-337.706581923372","-337.706581923372","81","81","81","-134.46219085510484","-134.46219085510484","-134.46219085510484","81","81","81","-254.0081232544264","-254.0081232544264","-254.0081232544264"
"82999","82","82","82","-5.831325744396249","-5.831325744396249","-5.831325744396249","82","82","82","-247.1019583334929","-247.1019583334929","-247.1019583334929","82","82","82","-124.24959339909537","-124.24959339909537","-124.24959339909537","82","82","82","-128.75027799132678","-128.75027799132678","-128.75027799132678","82","82","82","-239.62157202184727","-239.62157202184727","-239.62157202184727"
"83999","83","83","83","-235.31025544287792","-235.31025544287792","-235.31025544287792","83","83","83","-351.4848581552897","-351.4848581552897","-351.4848581552897","83","83","83","-124.28825251756429","-124.28825251756429","-124.28825251756429","83","83","83","-129.26967514199268","-129.26967514199268","-129.26967514199268","83","83","83","-121.26804909797602","-121.26804909797602","-121.26804909797602"
"84999","84","84","84","-128.72799415132917","-128.72799415132917","-128.72799415132917","84","84","84","-254.8436081758931","-254.8436081758931","-254.8436081758931","84","84","84","-6.852159163253267","-6.852159163253267","-6.852159163253267","84","84","84","-124.02601882646992","-124.02601882646992","-124.02601882646992","84","84","84","-119.66971591402393","-119.66971591402393","-119.66971591402393"
"85999","85","85","85","-123.71733183456027","-123.71733183456027","-123.71733183456027","85","85","85","-124.01220951765004","-124.01220951765004","-124.01220951765004","85","85","85","-130.42943062717356","-130.42943062717356","-130.42943062717356","85","85","85","-123.05925383660465","-123.05925383660465","-123.05925383660465","85","85","85","-123.65612364169532","-123.65612364169532","-123.65612364169532"
"86999","86","86","86","-130.368937224971","-130.368937224971","-130.368937224971","86","86","86","-124.3101351448828","-124.3101351448828","-124.3101351448828","86","86","86","-231.34075834061073","-231.34075834061073","-231.34075834061073","86","86","86","-127.35039863612477","-127.35039863612477","-127.35039863612477","86","86","86","-130.22067497591917","-130.22067497591917","-130.22067497591917"
"87999","87","87","87","-131.37827226770244","-131.37827226770244","-131.37827226770244","87","87","87","-128.1968482560856","-128.1968482560856","-128.1968482560856","87","87","87","-123.56715239190177","-123.56715239190177","-123.56715239190177","87","87","87","-122.79975649044373","-122.79975649044373","-122.79975649044373","87","87","87","-242.24160016362924","-242.24160016362924","-242.24160016362924"
"88999","88","88","88","-6.563535935025215","-6.563535935025215","-6.563535935025215","88","88","88","-125.15709297975191","-125.15709297975191","-125.15709297975191","88","88","88","-248.8166545230362","-248.8166545230362","-248.8166545230362","88","88","88","-130.7121380427958","-130.7121380427958","-130.7121380427958","88","88","88","-238.84733711633768","-238.84733711633768","-238.84733711633768"
"89999","89","89","89","-240.4515961255106","-240.4515961255106","-240.4515961255106","89","89","89","-247.21795212802868","-247.21795212802868","-247.21795212802868","89","89","89","-121.87272525967447","-121.87272525967447","-121.87272525967447","89","89","89","-5.693528319683155","-5.693528319683155","-5.693528319683155","89","89","89","-5.144397961106864","-5.144397961106864","-5.144397961106864"
"90999","90","90","90","-124.74130107307577","-124.74130107307577","-124.74130107307577","90","90","90","-6.751979551856332","-6.751979551856332","-6.751979551856332","90","90","90","-249.2200818340769","-249.2200818340769","-249.2200818340769","90","90","90","-243.85873113006602","-243.85873113006602","-243.85873113006602","90","90","90","-130.57039488984336","-130.57039488984336","-130.57039488984336"
"91999","91","91","91","-388.3932056496498","-388.3932056496498","-388.3932056496498","91","91","91","-6.702128527766319","-6.702128527766319","-6.702128527766319","91","91","91","-133.5885945510164","-133.5885945510164","-133.5885945510164","91","91","91","-128.4378438713916","-128.4378438713916","-128.4378438713916","91","91","91","-123.25066544420153","-123.25066544420153","-123.25066544420153"
"92999","92","92","92","-339.3444488700721","-339.3444488700721","-339.3444488700721","92","92","92","-131.83055100404601","-131.83055100404601","-131.83055100404601","92","92","92","-124.987609347595","-124.987609347595","-124.987609347595","92","92","92","-124.7857719975257","-124.7857719975257","-124.7857719975257","92","92","92","-123.74710264274437","-123.74710264274437","-123.74710264274437"
"93999","93","93","93","-130.43106033014175","-130.43106033014175","-130.43106033014175","93","93","93","-125.34500934952067","-125.34500934952067","-125.34500934952067","93","93","93","-125.03417085792238","-125.03417085792238","-125.03417085792238","93","93","93","-230.41285016439736","-230.41285016439736","-230.41285016439736","93","93","93","-130.32062548963378","-130.32062548963378","-130.32062548963378"
"94999","94","94","94","-127.71557601552674","-127.71557601552674","-127.71557601552674","94","94","94","-5.117184459602291","-5.117184459602291","-5.117184459602291","94","94","94","-7.068511142787466","-7.068511142787466","-7.068511142787466","94","94","94","-232.31972024645788","-232.31972024645788","-232.31972024645788","94","94","94","-125.7842349298103","-125.7842349298103","-125.7842349298103"
"95999","95","95","95","-250.6319157969347","-250.6319157969347","-250.6319157969347","95","95","95","-130.60605693767158","-130.60605693767158","-130.60605693767158","95","95","95","-5.852844190298259","-5.852844190298259","-5.852844190298259","95","95","95","-233.53773277172186","-233.53773277172186","-233.53773277172186","95","95","95","-123.92291571775357","-123.92291571775357","-123.92291571775357"
"96999","96","96","96","-6.95594159194986","-6.95594159194986","-6.95594159194986","96","96","96","-122.53565250995361","-122.53565250995361","-122.53565250995361","96","96","96","-247.25914539506752","-247.25914539506752","-247.25914539506752","96","96","96","-122.31159356209953","-122.31159356209953","-122.31159356209953","96","96","96","-4.957373713945599","-4.957373713945599","-4.957373713945599"
"97999","97","97","97","-231.6654298752245","-231.6654298752245","-231.6654298752245","97","97","97","-126.50037285229607","-126.50037285229607","-126.50037285229607","97","97","97","-350.7710981013539","-350.7710981013539","-350.7710981013539","97","97","97","-239.5005890214495","-239.5005890214495","-239.5005890214495","97","97","97","-122.95629390607877","-122.95629390607877","-122.95629390607877"
"98999","98","98","98","-128.33055069586132","-128.33055069586132","-128.33055069586132","98","98","98","-236.9543617870664","-236.9543617870664","-236.9543617870664","98","98","98","-249.979163798017","-249.979163798017","-249.979163798017","98","98","98","-240.20808122209777","-240.20808122209777","-240.20808122209777","98","98","98","-118.7815790976765","-118.7815790976765","-118.7815790976765"
"99999","99","99","99","-239.9118134681909","-239.9118134681909","-239.9118134681909","99","99","99","-6.070523474052608","-6.070523474052608","-6.070523474052608","99","99","99","-130.01523673091663","-130.01523673091663","-130.01523673091663","99","99","99","-5.563165710658039","-5.563165710658039","-5.563165710658039","99","99","99","-238.40125340919354","-238.40125340919354","-238.40125340919354"